index,city,type,county,state,lat,lng,uv_index,aqi,category,dominant_pollutant,date,temperature,cloud,pressure,wind(speed),rain
0,Adelanto,City,San Bernardino,california,34.5827699,-117.409215,2.98,41,Good air quality,o3,2018-12-01 06:06:27+00,13.95,75,1015.0,5.1,0.0
1,Agoura Hills,City,Los Angeles,california,34.1533395,-118.7616764,3.0,48,Good air quality,pm25,2018-12-01 06:06:27+00,17.23,40,1016.0,3.6,0.0
2,Alameda,City,Alameda,california,37.7652065,-122.2416355,2.0,61,Moderate air quality,pm25,2018-12-01 06:06:27+00,14.29,1,1020.0,2.1,1.02
3,Albany,City,Alameda,california,37.88687,-122.2977475,1.97,61,Moderate air quality,pm25,2018-12-01 06:06:27+00,14.6,1,1020.0,2.1,1.02
4,Alhambra,City,Los Angeles,california,34.095287,-118.1270146,3.0,66,Moderate air quality,pm25,2018-12-01 06:06:27+00,17.37,1,1015.0,2.1,0.0
5,Aliso Viejo,City,Orange,california,33.5684605,-117.7262981,3.17,52,Moderate air quality,pm25,2018-12-01 06:06:27+00,17.03,1,1016.0,0.83,0.0
6,Alturas,City,Modoc,california,41.4871146,-120.5424555,1.52,30,Good air quality,o3,2018-12-01 06:06:27+00,1.1,90,1013.0,3.6,0.0
7,Amador City,City,Amador,california,38.4193553,-120.824103,1.97,38,Good air quality,pm25,2018-12-01 06:06:27+00,10.03,1,1018.0,3.6,1.02
8,American Canyon,City,Napa,california,38.1749178,-122.2608044,1.92,33,Good air quality,pm25,2018-12-01 06:06:27+00,14.73,1,1019.0,2.1,0.51
9,Anaheim,City,Orange,california,33.8365932,-117.9143012,3.04,59,Moderate air quality,pm25,2018-12-01 06:06:27+00,17.18,20,1015.0,5.33,0.0
10,Anderson,City,Shasta,california,40.448208,-122.2977815,1.57,71,Moderate air quality,pm25,2018-12-01 06:06:27+00,9.77,90,1016.0,2.1,0.0
11,Angels Camp,City,Calaveras,california,38.0677832,-120.5385299,2.05,58,Moderate air quality,pm25,2018-12-01 06:06:27+00,9.68,1,1019.0,1.56,2.67
12,Antioch,City,Contra Costa,california,38.0049214,-121.805789,1.93,61,Moderate air quality,pm25,2018-12-01 06:06:27+00,14.27,1,1019.0,3.1,1.17
13,Apple Valley,Town,San Bernardino,california,34.5008311,-117.1858759,3.0,42,Good air quality,o3,2018-12-01 06:06:27+00,15.3,1,1014.0,8.7,0.0
14,Arcadia,City,Los Angeles,california,34.1397292,-118.0353449,3.0,56,Moderate air quality,pm25,2018-12-01 06:06:27+00,17.05,1,1015.0,2.1,0.0
15,Arcata,City,Humboldt,california,40.8665166,-124.0828396,1.46,21,Good air quality,o3,2018-12-01 06:06:27+00,8.47,75,1017.0,4.6,0.0
16,Arroyo Grande,City,San Luis Obispo,california,35.1185868,-120.5907252,2.74,41,Good air quality,pm25,2018-12-01 06:06:27+00,14.64,1,1019.0,1.93,0.0
17,Artesia,City,Los Angeles,california,33.8658484,-118.0831212,3.05,59,Moderate air quality,pm25,2018-12-01 06:06:27+00,17.36,20,1015.0,5.33,0.0
18,Arvin,City,Kern,california,35.2017986,-118.833105,2.78,70,Moderate air quality,pm25,2018-12-01 06:06:27+00,12.08,20,1018.0,2.1,0.0
19,Atascadero,City,San Luis Obispo,california,35.4894169,-120.6707255,2.71,41,Good air quality,pm25,2018-12-01 06:06:27+00,14.54,1,1019.0,4.6,0.0
20,Atherton,Town,San Mateo,california,37.4613272,-122.197743,2.12,57,Moderate air quality,pm25,2018-12-01 06:06:27+00,13.69,1,1020.0,3.83,0.92
21,Atwater,City,Merced,california,37.3477174,-120.609084,2.19,76,Moderate air quality,pm25,2018-12-01 06:06:27+00,10.33,1,1019.0,2.1,4.32
22,Auburn,City,Placer,california,38.8965654,-121.0768901,1.87,37,Good air quality,pm25,2018-12-01 06:06:27+00,10.99,1,1018.0,3.6,0.0
23,Avalon,City,Los Angeles,california,33.3428193,-118.3282279,3.21,40,Good air quality,pm25,2018-12-01 06:06:27+00,17.81,90,1016.0,4.1,0.0
24,Avenal,City,Kings,california,36.0041223,-120.1290272,2.52,55,Moderate air quality,pm25,2018-12-01 06:06:27+00,12.95,1,1019.0,4.1,0.0
25,Azusa,City,Los Angeles,california,34.1336186,-117.9075627,3.02,64,Moderate air quality,pm25,2018-12-01 06:06:27+00,17.18,1,1016.0,1.46,0.0
26,Bakersfield,City,Kern,california,35.3732921,-119.0187125,2.71,114,Unhealthy for sensitive groups air quality,pm25,2018-12-01 06:06:27+00,13.42,20,1018.0,2.1,0.0
27,Baldwin Park,City,Los Angeles,california,34.0852868,-117.9608978,3.02,68,Moderate air quality,pm25,2018-12-01 06:06:27+00,17.18,1,1015.0,1.46,0.0
28,Banning,City,Riverside,california,33.9255713,-116.8764103,3.16,49,Good air quality,o3,2018-12-01 06:06:27+00,15.93,1,1016.0,0.71,0.0
29,Barstow,City,San Bernardino,california,34.8957957,-117.0172826,2.9,42,Good air quality,pm25,2018-12-01 06:06:27+00,14.64,1,1014.0,8.7,0.0
30,Beaumont,City,Riverside,california,33.9294606,-116.977248,3.16,63,Moderate air quality,pm25,2018-12-01 06:06:27+00,16.19,1,1016.0,0.71,0.0
31,Bell,City,Los Angeles,california,33.9775142,-118.1870156,3.05,68,Moderate air quality,pm25,2018-12-01 06:06:27+00,17.36,1,1015.0,2.6,0.0
32,Bell Gardens,City,Los Angeles,california,33.9652918,-118.1514588,3.05,66,Moderate air quality,pm25,2018-12-01 06:06:27+00,17.36,20,1015.0,1.46,0.0
33,Bellflower,City,Los Angeles,california,33.8816818,-118.1170117,3.05,53,Moderate air quality,pm25,2018-12-01 06:06:27+00,17.36,20,1015.0,5.33,0.0
34,Belmont,City,San Mateo,california,37.5202145,-122.2758008,2.04,61,Moderate air quality,pm25,2018-12-01 06:06:27+00,14.07,1,1020.0,2.1,1.02
35,Belvedere,City,Marin,california,37.8727044,-122.4644171,1.97,32,Good air quality,pm25,2018-12-01 06:06:27+00,14.52,20,1020.0,3.1,1.02
36,Benicia,City,Solano,california,38.049365,-122.1585777,1.94,33,Good air quality,pm25,2018-12-01 06:06:27+00,14.61,1,1020.0,2.1,0.44
37,Berkeley,City,Alameda,california,37.8715926,-122.272747,1.97,62,Moderate air quality,pm25,2018-12-01 06:06:27+00,14.6,1,1020.0,2.1,1.02
38,Beverly Hills,City,Los Angeles,california,34.0736204,-118.4003563,2.98,59,Moderate air quality,pm25,2018-12-01 06:06:27+00,17.41,20,1015.0,3.1,0.0
39,Big Bear Lake,City,San Bernardino,california,34.2438963,-116.9114215,3.27,41,Good air quality,o3,2018-12-01 06:06:27+00,15.41,40,1016.0,2.1,0.0
40,Biggs,City,Butte,california,39.4123876,-121.7127513,1.74,52,Moderate air quality,pm25,2018-12-01 06:06:27+00,11.99,1,1017.0,3.1,0.0
41,Bishop,City,Inyo,california,37.3614238,-118.3996636,2.49,41,Good air quality,pm25,2018-12-01 06:06:27+00,0.9,1,1016.0,1.5,0.0
42,Blue Lake,City,Humboldt,california,40.8829072,-123.9839488,1.48,22,Good air quality,o3,2018-12-01 06:06:27+00,8.48,75,1017.0,4.6,0.0
43,Blythe,City,Riverside,california,33.6177725,-114.5882607,3.16,56,Moderate air quality,pm25,2018-12-01 06:06:27+00,17.85,8,1000.21,1.58,0.0
44,Bradbury,City,Los Angeles,california,34.1469511,-117.9708982,3.02,45,Good air quality,pm25,2018-12-01 06:06:27+00,17.05,1,1016.0,1.46,0.0
45,Brawley,City,Imperial,california,32.9786566,-115.530267,3.39,89,Moderate air quality,pm25,2018-12-01 06:06:27+00,20.89,1,1014.0,7.7,0.0
46,Brea,City,Orange,california,33.916475,-117.9002918,3.04,59,Moderate air quality,pm25,2018-12-01 06:06:27+00,17.18,1,1015.0,1.46,0.0
47,Brentwood,City,Contra Costa,california,37.931868,-121.6957863,2.01,60,Moderate air quality,pm25,2018-12-01 06:06:27+00,14.12,1,1019.0,3.1,1.13
48,Brisbane,City,San Mateo,california,37.6807661,-122.3999715,2.04,34,Good air quality,pm25,2018-12-01 06:06:27+00,14.15,20,1020.0,3.1,1.02
49,Buellton,City,Santa Barbara,california,34.613597,-120.1926505,2.87,48,Good air quality,pm25,2018-12-01 06:06:27+00,15.83,1,1018.0,4.1,0.0
50,Buena Park,City,Orange,california,33.8674044,-117.9981387,3.04,65,Moderate air quality,pm25,2018-12-01 06:06:27+00,17.18,1,1015.0,5.33,0.0
51,Burbank,City,Los Angeles,california,34.1808392,-118.3089661,2.98,73,Moderate air quality,pm25,2018-12-01 06:06:27+00,17.08,1,1015.0,2.1,0.0
52,Burlingame,City,San Mateo,california,37.5778696,-122.34809,2.04,57,Moderate air quality,pm25,2018-12-01 06:06:27+00,14.15,1,1020.0,2.1,1.02
53,Calabasas,City,Los Angeles,california,34.1367208,-118.6614809,2.98,39,Good air quality,pm25,2018-12-01 06:06:27+00,17.44,1,1015.0,2.1,0.0
54,Calexico,City,Imperial,california,32.6789476,-115.4988834,3.48,105,Unhealthy for sensitive groups air quality,pm25,2018-12-01 06:06:27+00,20.91,1,1014.0,7.7,0.0
55,California City,City,Kern,california,35.125801,-117.9859038,2.86,38,Good air quality,o3,2018-12-01 06:06:27+00,12.93,1,1014.0,11.8,0.0
56,Calimesa,City,Riverside,california,34.0039039,-117.0619755,3.1,66,Moderate air quality,pm25,2018-12-01 06:06:27+00,15.68,1,1016.0,0.71,0.0
57,Calipatria,City,Imperial,california,33.1255957,-115.5141538,3.28,89,Moderate air quality,pm25,2018-12-01 06:06:27+00,20.89,1,1014.0,7.7,0.0
58,Calistoga,City,Napa,california,38.5787965,-122.5797054,1.86,51,Moderate air quality,pm25,2018-12-01 06:06:27+00,14.82,1,1019.0,1.01,0.0
59,Camarillo,City,Ventura,california,34.2163937,-119.0376023,2.96,59,Moderate air quality,pm25,2018-12-01 06:06:27+00,17.2,40,1016.0,3.6,0.0
60,Campbell,City,Santa Clara,california,37.2871651,-121.9499568,2.12,56,Moderate air quality,pm25,2018-12-01 06:06:27+00,13.35,1,1020.0,2.1,0.92
61,Canyon Lake,City,Riverside,california,33.6850215,-117.2730931,3.19,34,Good air quality,o3,2018-12-01 06:06:27+00,16.7,1,1016.0,0.91,0.0
62,Capitola,City,Santa Cruz,california,36.9752283,-121.953293,2.23,63,Moderate air quality,pm25,2018-12-01 06:06:27+00,12.54,1,1020.0,2.1,0.89
63,Carlsbad,City,San Diego,california,33.1580933,-117.3505939,3.32,59,Moderate air quality,pm25,2018-12-01 06:06:27+00,17.3,1,1016.0,5.18,0.0
64,Carmel-by-the-Sea,City,Monterey,california,36.5552386,-121.9232879,2.31,49,Good air quality,pm25,2018-12-01 06:06:27+00,12.03,1,1020.0,4.1,0.38
65,Carpinteria,City,Santa Barbara,california,34.3988838,-119.5184564,2.92,35,Good air quality,o3,2018-12-01 06:06:27+00,16.69,1,1018.0,4.1,0.0
66,Carson,City,Los Angeles,california,33.8316745,-118.281693,3.05,56,Moderate air quality,pm25,2018-12-01 06:06:27+00,17.36,1,1015.0,2.6,0.0
67,Cathedral City,City,Riverside,california,33.7805388,-116.4668036,3.1,46,Good air quality,pm25,2018-12-01 06:06:27+00,17.11,1,1016.0,1.11,0.0
68,Ceres,City,Stanislaus,california,37.5949316,-120.9577098,2.11,70,Moderate air quality,pm25,2018-12-01 06:06:27+00,10.4,1,1019.0,1.5,2.67
69,Cerritos,City,Los Angeles,california,33.8583483,-118.0647871,3.05,56,Moderate air quality,pm25,2018-12-01 06:06:27+00,17.36,20,1015.0,5.33,0.0
70,Chico,City,Butte,california,39.7284944,-121.8374777,1.7,53,Moderate air quality,pm25,2018-12-01 06:06:27+00,13.31,20,1018.0,2.6,0.0
71,Chino,City,San Bernardino,california,34.0122346,-117.688944,3.06,58,Moderate air quality,pm25,2018-12-01 06:06:27+00,17.2,1,1016.0,2.1,0.0
72,Chino Hills,City,San Bernardino,california,33.9898188,-117.7325848,3.08,52,Moderate air quality,pm25,2018-12-01 06:06:27+00,17.19,1,1016.0,2.1,0.0
73,Chowchilla,City,Madera,california,37.1229997,-120.2601754,2.27,64,Moderate air quality,pm25,2018-12-01 06:06:27+00,10.22,1,1018.0,2.36,0.0
74,Chula Vista,City,San Diego,california,32.6400541,-117.0841955,3.47,85,Moderate air quality,pm25,2018-12-01 06:06:27+00,17.33,40,1016.0,2.6,0.0
75,Citrus Heights,City,Sacramento,california,38.7071247,-121.2810611,1.87,44,Good air quality,pm25,2018-12-01 06:06:27+00,12.16,1,1018.0,3.6,0.0
76,Claremont,City,Los Angeles,california,34.0966764,-117.7197785,3.06,62,Moderate air quality,pm25,2018-12-01 06:06:27+00,17.19,1,1016.0,0.53,0.0
77,Clayton,City,Contra Costa,california,37.9410341,-121.9357925,2.02,40,Good air quality,pm25,2018-12-01 06:06:27+00,14.22,1,1020.0,2.1,1.02
78,Clearlake,City,Lake,california,38.9582307,-122.6263728,1.83,33,Good air quality,pm25,2018-12-01 06:06:27+00,10.0,90,1018.0,1.5,0.25
79,Cloverdale,City,Sonoma,california,38.8054624,-123.0172227,1.79,53,Moderate air quality,pm25,2018-12-01 06:06:27+00,10.0,90,1018.0,1.5,0.25
80,Clovis,City,Fresno,california,36.8252277,-119.7029194,2.39,68,Moderate air quality,pm25,2018-12-01 06:06:27+00,11.74,1,1018.0,3.91,0.0
81,Coachella,City,Riverside,california,33.6803003,-116.173894,3.13,38,Good air quality,o3,2018-12-01 06:06:27+00,17.51,40,1014.0,3.6,0.0
82,Coalinga,City,Fresno,california,36.139678,-120.3601496,2.54,55,Moderate air quality,pm25,2018-12-01 06:06:27+00,12.95,1,1019.0,4.1,0.0
83,Colfax,City,Placer,california,39.1007298,-120.9532759,1.89,39,Good air quality,pm25,2018-12-01 06:06:27+00,10.82,1,1017.0,3.1,0.0
84,Colma,Town,San Mateo,california,37.6768779,-122.459695,2.04,58,Moderate air quality,pm25,2018-12-01 06:06:27+00,14.15,20,1020.0,3.1,1.02
85,Colton,City,San Bernardino,california,34.0739016,-117.3136547,3.03,70,Moderate air quality,pm25,2018-12-01 06:06:27+00,16.48,1,1016.0,0.53,0.0
86,Colusa,City,Colusa,california,39.2143343,-122.0094175,1.76,66,Moderate air quality,pm25,2018-12-01 06:06:27+00,14.04,1,1018.0,3.6,0.0
87,Commerce,City,Los Angeles,california,34.0005691,-118.1597929,3.0,68,Moderate air quality,pm25,2018-12-01 06:06:27+00,17.58,20,1015.0,1.46,0.0
88,Compton,City,Los Angeles,california,33.8958492,-118.2200712,3.05,68,Moderate air quality,pm25,2018-12-01 06:06:27+00,17.36,1,1015.0,2.6,0.0
89,Concord,City,Contra Costa,california,37.9779776,-122.0310733,2.0,59,Moderate air quality,pm25,2018-12-01 06:06:27+00,14.55,20,1020.0,3.1,1.02
90,Corcoran,City,Kings,california,36.098007,-119.5604015,2.55,101,Unhealthy for sensitive groups air quality,pm25,2018-12-01 06:06:27+00,12.36,90,1019.0,2.11,0.0
91,Corning,City,Tehama,california,39.9276572,-122.1791556,1.66,39,Good air quality,pm25,2018-12-01 06:06:27+00,12.98,90,1017.0,1.5,0.0
92,Corona,City,Riverside,california,33.8752935,-117.5664384,3.08,63,Moderate air quality,pm25,2018-12-01 06:06:27+00,17.05,1,1016.0,0.83,0.0
93,Coronado,City,San Diego,california,32.6858853,-117.1830891,3.47,75,Moderate air quality,pm25,2018-12-01 06:06:27+00,17.41,40,1016.0,2.6,0.0
94,Corte Madera,Town,Marin,california,37.9254806,-122.5274755,1.96,42,Good air quality,pm25,2018-12-01 06:06:27+00,14.59,20,1020.0,3.1,0.44
95,Costa Mesa,City,Orange,california,33.6412156,-117.9188221,3.12,59,Moderate air quality,pm25,2018-12-01 06:06:27+00,17.14,20,1015.0,2.1,0.0
96,Cotati,City,Sonoma,california,38.3293416,-122.7096666,1.88,50,Good air quality,pm25,2018-12-01 06:06:27+00,14.9,1,1019.0,4.26,0.0
97,Covina,City,Los Angeles,california,34.0900091,-117.8903397,3.02,68,Moderate air quality,pm25,2018-12-01 06:06:27+00,17.18,1,1016.0,0.53,0.0
98,Crescent City,City,Del Norte,california,41.7557501,-124.2025913,1.3,35,Good air quality,o3,2018-12-01 06:06:27+00,9.78,1,1015.0,3.1,0.0
99,Cudahy,City,Los Angeles,california,33.9605701,-118.1853486,3.05,63,Moderate air quality,pm25,2018-12-01 06:06:27+00,17.36,1,1015.0,2.6,0.0
100,Culver City,City,Los Angeles,california,34.0211224,-118.3964665,2.98,68,Moderate air quality,pm25,2018-12-01 06:06:27+00,17.41,20,1015.0,3.1,0.0
101,Cupertino,City,Santa Clara,california,37.3229978,-122.0321823,2.12,56,Moderate air quality,pm25,2018-12-01 06:06:27+00,13.63,20,1020.0,3.1,0.92
102,Cypress,City,Orange,california,33.8169366,-118.0368507,3.05,53,Moderate air quality,pm25,2018-12-01 06:06:27+00,17.36,20,1015.0,5.33,0.0
103,Daly City,City,San Mateo,california,37.6879241,-122.4702079,2.04,62,Moderate air quality,pm25,2018-12-01 06:06:27+00,14.15,20,1020.0,3.1,1.02
104,Dana Point,City,Orange,california,33.4672256,-117.6981014,3.2,59,Moderate air quality,pm25,2018-12-01 06:06:27+00,17.01,1,1016.0,0.83,0.0
105,Danville,Town,Contra Costa,california,37.8215929,-121.9999606,2.02,54,Moderate air quality,pm25,2018-12-01 06:06:27+00,14.24,1,1020.0,2.1,1.02
106,Davis,City,Yolo,california,38.5449065,-121.7405167,1.86,75,Moderate air quality,pm25,2018-12-01 06:06:27+00,13.98,1,1019.0,2.1,0.0
107,Del Mar,City,San Diego,california,32.9594891,-117.2653146,3.42,51,Moderate air quality,pm25,2018-12-01 06:06:27+00,17.27,40,1016.0,2.6,0.0
108,Del Rey Oaks,City,Monterey,california,36.5932934,-121.8349515,2.31,25,Good air quality,pm25,2018-12-01 06:06:27+00,12.03,1,1020.0,4.1,0.38
109,Delano,City,Kern,california,35.7688425,-119.2470536,2.62,91,Moderate air quality,pm25,2018-12-01 06:06:27+00,12.74,75,1019.0,2.11,0.0
110,Desert Hot Springs,City,Riverside,california,33.961124,-116.5016784,3.17,52,Moderate air quality,pm25,2018-12-01 06:06:27+00,15.6,1,1017.0,2.6,0.0
111,Diamond Bar,City,Los Angeles,california,34.0286226,-117.8103367,3.02,68,Moderate air quality,pm25,2018-12-01 06:06:27+00,17.19,1,1016.0,0.53,0.0
112,Dinuba,City,Tulare,california,36.5432837,-119.3870656,2.46,85,Moderate air quality,pm25,2018-12-01 06:06:27+00,11.89,1,1018.0,1.91,0.0
113,Dixon,City,Solano,california,38.4454641,-121.8232958,1.89,71,Moderate air quality,pm25,2018-12-01 06:06:27+00,13.87,1,1019.0,2.1,0.0
114,Dorris,City,Siskiyou,california,41.9673696,-121.91806,1.41,51,Moderate air quality,pm25,2018-12-01 06:06:27+00,4.08,75,1011.0,4.6,0.0
115,Dos Palos,City,Merced,california,36.9860582,-120.6265722,2.3,61,Moderate air quality,pm25,2018-12-01 06:06:27+00,9.82,1,1019.0,2.1,0.0
116,Downey,City,Los Angeles,california,33.9401088,-118.1331593,3.05,63,Moderate air quality,pm25,2018-12-01 06:06:27+00,17.36,20,1015.0,1.46,0.0
117,Duarte,City,Los Angeles,california,34.1394513,-117.9772873,3.02,64,Moderate air quality,pm25,2018-12-01 06:06:27+00,17.37,1,1016.0,1.46,0.0
118,Dublin,City,Alameda,california,37.7021521,-121.9357918,2.07,52,Moderate air quality,pm25,2018-12-01 06:06:27+00,14.12,1,1020.0,2.1,1.02
119,Dunsmuir,City,Siskiyou,california,41.2082089,-122.2719529,1.52,33,Good air quality,pm25,2018-12-01 06:06:27+00,5.42,90,1013.0,2.6,0.0
120,East Palo Alto,City,San Mateo,california,37.4688273,-122.1410751,2.12,59,Moderate air quality,pm25,2018-12-01 06:06:27+00,13.69,1,1020.0,2.1,0.92
121,Eastvale,City,Riverside,california,33.952463,-117.5848025,3.08,54,Moderate air quality,pm25,2018-12-01 06:06:27+00,17.11,1,1016.0,0.53,0.0
122,El Cajon,City,San Diego,california,32.7947731,-116.9625269,3.46,69,Moderate air quality,pm25,2018-12-01 06:06:27+00,17.25,40,1016.0,2.6,0.0
123,El Centro,City,Imperial,california,32.792,-115.5630514,3.39,63,Moderate air quality,pm25,2018-12-01 06:06:27+00,20.9,1,1013.0,7.2,0.0
124,El Cerrito,City,Contra Costa,california,37.9161326,-122.310765,1.97,60,Moderate air quality,pm25,2018-12-01 06:06:27+00,14.43,1,1020.0,2.1,1.02
125,El Monte,City,Los Angeles,california,34.0686206,-118.0275667,3.0,69,Moderate air quality,pm25,2018-12-01 06:06:27+00,17.37,1,1015.0,1.46,0.0
126,El Segundo,City,Los Angeles,california,33.9191799,-118.4164652,3.05,59,Moderate air quality,pm25,2018-12-01 06:06:27+00,17.41,20,1015.0,3.1,0.0
127,Elk Grove,City,Sacramento,california,38.4087993,-121.3716178,1.91,64,Moderate air quality,pm25,2018-12-01 06:06:27+00,12.38,1,1019.0,2.1,1.02
128,Emeryville,City,Alameda,california,37.831316,-122.2852473,1.97,60,Moderate air quality,pm25,2018-12-01 06:06:27+00,14.34,20,1020.0,3.1,1.02
129,Encinitas,City,San Diego,california,33.0369867,-117.2919818,3.32,58,Moderate air quality,pm25,2018-12-01 06:06:27+00,17.27,40,1016.0,2.6,0.0
130,Escalon,City,San Joaquin,california,37.7974273,-120.9966033,2.05,72,Moderate air quality,pm25,2018-12-01 06:06:27+00,10.34,1,1019.0,1.5,2.42
131,Escondido,City,San Diego,california,33.1192068,-117.086421,3.33,62,Moderate air quality,pm25,2018-12-01 06:06:27+00,17.27,40,1016.0,2.6,0.0
132,Etna,City,Siskiyou,california,41.4568065,-122.8947551,1.47,42,Good air quality,pm25,2018-12-01 06:06:27+00,5.37,90,1013.0,2.6,0.0
133,Eureka,City,Humboldt,california,40.8020712,-124.1636729,1.46,43,Good air quality,pm25,2018-12-01 06:06:27+00,8.45,75,1017.0,4.6,0.0
134,Exeter,City,Tulare,california,36.2960613,-119.1420517,2.53,92,Moderate air quality,pm25,2018-12-01 06:06:27+00,12.06,90,1019.0,1.91,0.0
135,Fairfax,Town,Marin,california,37.9871454,-122.5888686,1.96,26,Good air quality,pm25,2018-12-01 06:06:27+00,14.63,20,1020.0,3.1,0.44
136,Fairfield,City,Solano,california,38.2493581,-122.0399663,1.94,56,Moderate air quality,pm25,2018-12-01 06:06:27+00,14.24,1,1019.0,2.1,1.01
137,Farmersville,City,Tulare,california,36.2977283,-119.2067767,2.53,96,Moderate air quality,pm25,2018-12-01 06:06:27+00,12.12,90,1019.0,1.91,0.0
138,Ferndale,City,Humboldt,california,40.5762406,-124.2639441,1.48,28,Good air quality,o3,2018-12-01 06:06:27+00,8.4,75,1017.0,4.6,0.0
139,Fillmore,City,Ventura,california,34.3991639,-118.918154,2.95,34,Good air quality,pm25,2018-12-01 06:06:27+00,17.2,40,1016.0,3.6,0.0
140,Firebaugh,City,Fresno,california,36.8588376,-120.4560072,2.32,80,Moderate air quality,pm25,2018-12-01 06:06:27+00,10.21,1,1018.0,3.36,0.0
141,Folsom,City,Sacramento,california,38.6779591,-121.1760583,1.89,55,Moderate air quality,pm25,2018-12-01 06:06:27+00,11.23,1,1018.0,3.6,0.0
142,Fontana,City,San Bernardino,california,34.0922335,-117.435048,3.03,70,Moderate air quality,pm25,2018-12-01 06:06:27+00,16.74,1,1016.0,0.53,0.0
143,Fort Bragg,City,Mendocino,california,39.445723,-123.8052935,1.69,30,Good air quality,pm25,2018-12-01 06:06:27+00,10.0,90,1018.0,1.5,0.25
144,Fort Jones,City,Siskiyou,california,41.6076387,-122.8403099,1.41,45,Good air quality,pm25,2018-12-01 06:06:27+00,5.51,90,1013.0,2.6,0.0
145,Fortuna,City,Humboldt,california,40.5981867,-124.1572756,1.5,29,Good air quality,pm25,2018-12-01 06:06:27+00,8.39,75,1017.0,4.6,0.0
146,Foster City,City,San Mateo,california,37.5585465,-122.2710788,2.04,59,Moderate air quality,pm25,2018-12-01 06:06:27+00,14.15,1,1020.0,2.1,1.02
147,Fountain Valley,City,Orange,california,33.7090212,-117.9544069,3.12,60,Moderate air quality,pm25,2018-12-01 06:06:27+00,17.19,20,1015.0,5.33,0.0
148,Fowler,City,Fresno,california,36.6305058,-119.6784697,2.44,71,Moderate air quality,pm25,2018-12-01 06:06:27+00,11.73,1,1018.0,1.91,0.0
149,Fremont,City,Alameda,california,37.5482697,-121.9885719,2.07,49,Good air quality,pm25,2018-12-01 06:06:27+00,13.72,1,1020.0,2.1,1.02
150,Fresno,City,Fresno,california,36.7377981,-119.7871247,2.43,89,Moderate air quality,pm25,2018-12-01 06:06:27+00,11.74,1,1018.0,3.91,0.0
151,Fullerton,City,Orange,california,33.8703645,-117.9242123,3.04,61,Moderate air quality,pm25,2018-12-01 06:06:27+00,17.18,1,1015.0,5.33,0.0
152,Galt,City,Sacramento,california,38.2546373,-121.2999485,1.91,67,Moderate air quality,pm25,2018-12-01 06:06:27+00,13.14,1,1019.0,2.1,1.02
153,Garden Grove,City,Orange,california,33.7742692,-117.9379952,3.04,59,Moderate air quality,pm25,2018-12-01 06:06:27+00,17.18,20,1015.0,5.33,0.0
154,Gardena,City,Los Angeles,california,33.8883487,-118.3089624,3.05,61,Moderate air quality,pm25,2018-12-01 06:06:27+00,17.36,1,1015.0,2.6,0.0
155,Gilroy,City,Santa Clara,california,37.0057816,-121.5682751,2.2,49,Good air quality,pm25,2018-12-01 06:06:27+00,12.35,40,1020.0,1.5,0.89
156,Glendale,City,Los Angeles,california,34.1425078,-118.255075,2.98,69,Moderate air quality,pm25,2018-12-01 06:06:27+00,17.05,1,1015.0,2.1,0.0
157,Glendora,City,Los Angeles,california,34.1361187,-117.865339,3.02,68,Moderate air quality,pm25,2018-12-01 06:06:27+00,17.19,1,1016.0,0.53,0.0
158,Goleta,City,Santa Barbara,california,34.4358294,-119.8276389,2.89,56,Moderate air quality,pm25,2018-12-01 06:06:27+00,16.13,1,1018.0,4.1,0.0
159,Gonzales,City,Monterey,california,36.5066295,-121.4443806,2.36,56,Moderate air quality,pm25,2018-12-01 06:06:27+00,12.03,1,1020.0,1.91,0.38
160,Grand Terrace,City,San Bernardino,california,34.0339031,-117.3136544,3.03,68,Moderate air quality,pm25,2018-12-01 06:06:27+00,16.48,1,1016.0,0.53,0.0
161,Grass Valley,City,Nevada,california,39.2190608,-121.0610606,1.85,51,Moderate air quality,pm25,2018-12-01 06:06:27+00,11.05,1,1017.0,3.1,0.0
162,Greenfield,City,Monterey,california,36.3207998,-121.2438138,2.46,51,Moderate air quality,pm25,2018-12-01 06:06:27+00,11.6,1,1020.0,1.91,0.51
163,Gridley,City,Butte,california,39.3637773,-121.6935833,1.74,53,Moderate air quality,pm25,2018-12-01 06:06:27+00,13.25,1,1017.0,3.1,0.0
164,Grover Beach,City,San Luis Obispo,california,35.1216424,-120.6212821,2.74,40,Good air quality,pm25,2018-12-01 06:06:27+00,14.64,1,1019.0,1.93,0.0
165,Guadalupe,City,Santa Barbara,california,34.971644,-120.5718363,2.79,21,Good air quality,pm25,2018-12-01 06:06:27+00,15.02,1,1019.0,2.1,0.0
166,Gustine,City,Merced,california,37.2577171,-120.9988154,2.17,57,Moderate air quality,pm25,2018-12-01 06:06:27+00,10.83,1,1019.0,2.1,4.32
167,Half Moon Bay,City,San Mateo,california,37.4635519,-122.4285862,2.1,34,Good air quality,pm25,2018-12-01 06:06:27+00,13.76,20,1020.0,3.1,1.02
168,Hanford,City,Kings,california,36.3274502,-119.6456844,2.49,81,Moderate air quality,pm25,2018-12-01 06:06:27+00,11.88,1,1018.0,1.91,0.0
169,Hawaiian Gardens,City,Los Angeles,california,33.8314045,-118.0728424,3.05,61,Moderate air quality,pm25,2018-12-01 06:06:27+00,17.36,20,1015.0,5.33,0.0
170,Hawthorne,City,Los Angeles,california,33.9164032,-118.3525748,3.05,66,Moderate air quality,pm25,2018-12-01 06:06:27+00,17.36,1,1015.0,2.6,0.0
171,Hayward,City,Alameda,california,37.6688205,-122.0807964,2.03,59,Moderate air quality,pm25,2018-12-01 06:06:27+00,14.29,1,1020.0,2.1,1.02
172,Healdsburg,City,Sonoma,california,38.6104658,-122.8691609,1.83,52,Moderate air quality,pm25,2018-12-01 06:06:27+00,13.34,1,1019.0,4.26,0.25
173,Hemet,City,Riverside,california,33.7475203,-116.9719684,3.24,59,Moderate air quality,pm25,2018-12-01 06:06:27+00,16.55,1,1016.0,0.91,0.0
174,Hercules,City,Contra Costa,california,38.0171441,-122.2885808,1.92,33,Good air quality,pm25,2018-12-01 06:06:27+00,14.66,1,1020.0,2.1,0.44
175,Hermosa Beach,City,Los Angeles,california,33.8622366,-118.3995194,3.05,63,Moderate air quality,pm25,2018-12-01 06:06:27+00,17.42,20,1015.0,3.1,0.0
176,Hesperia,City,San Bernardino,california,34.4263886,-117.3008784,3.06,43,Good air quality,o3,2018-12-01 06:06:27+00,15.58,40,1016.0,2.1,0.0
177,Hidden Hills,City,Los Angeles,california,34.1602832,-118.6523096,2.98,38,Good air quality,pm25,2018-12-01 06:06:27+00,17.44,1,1015.0,2.1,0.0
178,Highland,City,San Bernardino,california,34.1283442,-117.2086513,3.1,57,Moderate air quality,pm25,2018-12-01 06:06:27+00,15.68,1,1016.0,0.71,0.0
179,Hillsborough,Town,San Mateo,california,37.5741032,-122.3794163,2.04,32,Good air quality,pm25,2018-12-01 06:06:27+00,14.07,20,1020.0,3.1,1.14
180,Hollister,City,San Benito,california,36.8524545,-121.4016021,2.26,53,Moderate air quality,pm25,2018-12-01 06:06:27+00,12.02,1,1020.0,1.91,0.38
181,Holtville,City,Imperial,california,32.8111612,-115.3802643,3.38,104,Unhealthy for sensitive groups air quality,pm25,2018-12-01 06:06:27+00,20.92,1,1013.0,7.2,0.0
182,Hughson,City,Stanislaus,california,37.6027244,-120.8664811,2.11,59,Moderate air quality,pm25,2018-12-01 06:06:27+00,9.85,1,1019.0,2.1,2.42
183,Huntington Beach,City,Orange,california,33.6594835,-117.9988026,3.12,59,Moderate air quality,pm25,2018-12-01 06:06:27+00,17.39,20,1015.0,5.33,0.0
184,Huntington Park,City,Los Angeles,california,33.9816812,-118.2250725,3.05,69,Moderate air quality,pm25,2018-12-01 06:06:27+00,17.36,1,1015.0,2.6,0.0
185,Huron,City,Fresno,california,36.2027308,-120.1029177,2.52,55,Moderate air quality,pm25,2018-12-01 06:06:27+00,12.31,1,1018.0,2.73,0.0
186,Imperial,City,Imperial,california,32.8475528,-115.5694391,3.39,81,Moderate air quality,pm25,2018-12-01 06:06:27+00,20.89,1,1013.0,7.2,0.0
187,Imperial Beach,City,San Diego,california,32.5839444,-117.1130849,3.47,92,Moderate air quality,pm25,2018-12-01 06:06:27+00,17.28,40,1016.0,2.6,0.0
188,Indian Wells,City,Riverside,california,33.717631,-116.3407549,3.24,38,Good air quality,o3,2018-12-01 06:06:27+00,17.53,40,1014.0,3.6,0.0
189,Indio,City,Riverside,california,33.7205771,-116.2155619,3.13,52,Moderate air quality,pm25,2018-12-01 06:06:27+00,17.55,40,1014.0,3.6,0.0
190,Industry,City,Los Angeles,california,34.0197335,-117.9586754,3.02,63,Moderate air quality,pm25,2018-12-01 06:06:27+00,17.18,1,1015.0,1.46,0.0
191,Inglewood,City,Los Angeles,california,33.9616801,-118.3531311,3.05,71,Moderate air quality,pm25,2018-12-01 06:06:27+00,17.36,1,1015.0,2.6,0.0
192,Ione,City,Amador,california,38.3526912,-120.9327177,1.97,58,Moderate air quality,pm25,2018-12-01 06:06:27+00,10.49,1,1018.0,1.5,0.51
193,Irvine,City,Orange,california,33.6845673,-117.8265049,3.12,54,Moderate air quality,pm25,2018-12-01 06:06:27+00,17.11,1,1016.0,0.83,0.0
194,Irwindale,City,Los Angeles,california,34.1069527,-117.9353413,3.02,60,Moderate air quality,pm25,2018-12-01 06:06:27+00,17.18,1,1016.0,1.46,0.0
195,Isleton,City,Sacramento,california,38.1618614,-121.6116206,1.94,54,Moderate air quality,pm25,2018-12-01 06:06:27+00,13.85,1,1019.0,2.1,1.53
196,Jackson,City,Amador,california,38.3488023,-120.7741018,1.97,42,Good air quality,pm25,2018-12-01 06:06:27+00,10.09,1,1018.0,1.5,0.51
197,Jurupa Valley,City,Riverside,california,33.9971974,-117.4854802,3.08,72,Moderate air quality,pm25,2018-12-01 06:06:27+00,17.01,1,1016.0,0.53,0.0
198,Kerman,City,Fresno,california,36.7235572,-120.059879,2.39,72,Moderate air quality,pm25,2018-12-01 06:06:27+00,11.74,1,1018.0,3.91,0.0
199,King City,City,Monterey,california,36.2127439,-121.1260287,2.53,55,Moderate air quality,pm25,2018-12-01 06:06:27+00,11.7,1,1020.0,2.23,0.51
200,Kingsburg,City,Fresno,california,36.5138398,-119.5540175,2.44,82,Moderate air quality,pm25,2018-12-01 06:06:27+00,11.89,1,1018.0,1.91,0.0
201,La CaÃ±ada Flintridge,City,Los Angeles,california,34.2068182,-118.2000277,3.0,64,Moderate air quality,pm25,2018-12-01 06:06:27+00,17.05,1,1015.0,2.1,0.0
202,La Habra,City,Orange,california,33.9318591,-117.946137,3.04,62,Moderate air quality,pm25,2018-12-01 06:06:27+00,17.18,1,1015.0,1.46,0.0
203,La Habra Heights,City,Los Angeles,california,33.9608461,-117.9506186,3.04,56,Moderate air quality,pm25,2018-12-01 06:06:27+00,17.18,1,1015.0,1.46,0.0
204,La Mesa,City,San Diego,california,32.7678287,-117.0230839,3.4,73,Moderate air quality,pm25,2018-12-01 06:06:27+00,17.38,40,1016.0,2.6,0.0
205,La Mirada,City,Los Angeles,california,33.9172357,-118.0120086,3.05,60,Moderate air quality,pm25,2018-12-01 06:06:27+00,17.18,1,1015.0,1.46,0.0
206,La Palma,City,Orange,california,33.8463218,-118.0461393,3.05,53,Moderate air quality,pm25,2018-12-01 06:06:27+00,17.36,20,1015.0,5.33,0.0
207,La Puente,City,Los Angeles,california,34.0200114,-117.9495083,3.02,59,Moderate air quality,pm25,2018-12-01 06:06:27+00,17.18,1,1015.0,1.46,0.0
208,La Quinta,City,Riverside,california,33.6633573,-116.3100095,3.24,38,Good air quality,o3,2018-12-01 06:06:27+00,20.0,40,1014.0,3.6,0.0
209,La Verne,City,Los Angeles,california,34.1008426,-117.7678355,3.02,61,Moderate air quality,pm25,2018-12-01 06:06:27+00,17.19,1,1016.0,0.53,0.0
210,Lafayette,City,Contra Costa,california,37.8857582,-122.1180201,2.0,48,Good air quality,pm25,2018-12-01 06:06:27+00,14.34,1,1020.0,2.1,1.02
211,Laguna Beach,City,Orange,california,33.5427189,-117.7853568,3.12,61,Moderate air quality,pm25,2018-12-01 06:06:27+00,17.08,1,1016.0,0.83,0.0
212,Laguna Hills,City,Orange,california,33.5916433,-117.6986604,3.17,52,Moderate air quality,pm25,2018-12-01 06:06:27+00,17.03,1,1016.0,0.83,0.0
213,Laguna Niguel,City,Orange,california,33.5236744,-117.7149438,3.17,60,Moderate air quality,pm25,2018-12-01 06:06:27+00,17.01,1,1016.0,0.83,0.0
214,Laguna Woods,City,Orange,california,33.6101702,-117.7251162,3.17,53,Moderate air quality,pm25,2018-12-01 06:06:27+00,17.08,1,1016.0,0.83,0.0
215,Lake Elsinore,City,Riverside,california,33.6680772,-117.3272615,3.19,51,Moderate air quality,pm25,2018-12-01 06:06:27+00,16.85,1,1016.0,0.83,0.0
216,Lake Forest,City,Orange,california,33.6469437,-117.6861023,3.17,52,Moderate air quality,pm25,2018-12-01 06:06:27+00,17.08,1,1016.0,0.83,0.0
217,Lakeport,City,Lake,california,39.0429506,-122.9158293,1.78,57,Moderate air quality,pm25,2018-12-01 06:06:27+00,10.0,90,1018.0,1.5,0.25
218,Lakewood,City,Los Angeles,california,33.8536269,-118.1339563,3.05,58,Moderate air quality,pm25,2018-12-01 06:06:27+00,17.36,20,1015.0,5.33,0.0
219,Lancaster,City,Los Angeles,california,34.6867846,-118.1541632,2.97,37,Good air quality,o3,2018-12-01 06:06:27+00,13.67,1,1017.0,4.6,0.0
220,Larkspur,City,Marin,california,37.9340915,-122.5352539,1.96,26,Good air quality,pm25,2018-12-01 06:06:27+00,14.59,20,1020.0,3.1,0.51
221,Lathrop,City,San Joaquin,california,37.8227046,-121.27661,2.01,58,Moderate air quality,pm25,2018-12-01 06:06:27+00,11.32,1,1019.0,3.1,2.46
222,Lawndale,City,Los Angeles,california,33.887237,-118.3525744,3.05,64,Moderate air quality,pm25,2018-12-01 06:06:27+00,17.36,1,1015.0,2.6,0.0
223,Lemon Grove,City,San Diego,california,32.7425516,-117.0314172,3.47,74,Moderate air quality,pm25,2018-12-01 06:06:27+00,17.27,40,1016.0,2.6,0.0
224,Lemoore,City,Kings,california,36.3007835,-119.7829107,2.48,68,Moderate air quality,pm25,2018-12-01 06:06:27+00,11.81,1,1018.0,3.91,0.0
225,Lincoln,City,Placer,california,38.891565,-121.2930079,1.83,61,Moderate air quality,pm25,2018-12-01 06:06:27+00,12.36,1,1018.0,3.6,0.0
226,Lindsay,City,Tulare,california,36.2030064,-119.08816,2.58,90,Moderate air quality,pm25,2018-12-01 06:06:27+00,12.06,90,1019.0,0.88,0.0
227,Live Oak,City,Sutter,california,39.2757232,-121.6599701,1.74,62,Moderate air quality,pm25,2018-12-01 06:06:27+00,13.37,1,1017.0,3.1,0.0
228,Livermore,City,Alameda,california,37.6818745,-121.7680088,2.07,56,Moderate air quality,pm25,2018-12-01 06:06:27+00,13.75,1,1020.0,2.1,1.02
229,Livingston,City,Merced,california,37.3868826,-120.7235329,2.19,63,Moderate air quality,pm25,2018-12-01 06:06:27+00,10.32,1,1019.0,2.1,4.32
230,Lodi,City,San Joaquin,california,38.1341477,-121.2722194,1.95,67,Moderate air quality,pm25,2018-12-01 06:06:27+00,13.51,1,1019.0,3.1,2.46
231,Loma Linda,City,San Bernardino,california,34.0483474,-117.2611527,3.03,64,Moderate air quality,pm25,2018-12-01 06:06:27+00,16.49,1,1016.0,0.71,0.0
232,Lomita,City,Los Angeles,california,33.7922392,-118.3150722,3.05,39,Good air quality,pm25,2018-12-01 06:06:27+00,17.36,1,1015.0,2.6,0.0
233,Lompoc,City,Santa Barbara,california,34.6391501,-120.4579409,2.85,43,Good air quality,pm25,2018-12-01 06:06:27+00,15.59,1,1019.0,3.1,0.0
234,Long Beach,City,Los Angeles,california,33.7700504,-118.1937395,3.05,67,Moderate air quality,pm25,2018-12-01 06:06:27+00,17.36,20,1015.0,5.33,0.0
235,Loomis,Town,Placer,california,38.8212889,-121.1930041,1.87,57,Moderate air quality,pm25,2018-12-01 06:06:27+00,11.23,1,1018.0,3.6,0.0
236,Los Alamitos,City,Orange,california,33.8032009,-118.0718894,3.05,59,Moderate air quality,pm25,2018-12-01 06:06:27+00,17.36,20,1015.0,5.33,0.0
237,Los Altos,City,Santa Clara,california,37.3852183,-122.1141298,2.12,54,Moderate air quality,pm25,2018-12-01 06:06:27+00,13.69,20,1020.0,3.1,1.02
238,Los Altos Hills,Town,Santa Clara,california,37.3796627,-122.1374637,2.12,34,Good air quality,pm25,2018-12-01 06:06:27+00,13.69,20,1020.0,3.1,1.02
239,Los Angeles,City,Los Angeles,california,34.0522342,-118.2436849,3.0,76,Moderate air quality,pm25,2018-12-01 06:06:27+00,17.36,1,1015.0,1.5,0.0
240,Los Banos,City,Merced,california,37.0582786,-120.8499151,2.23,57,Moderate air quality,pm25,2018-12-01 06:06:27+00,10.88,1,1019.0,2.1,4.32
241,Los Gatos,Town,Santa Clara,california,37.2358078,-121.9623751,2.2,47,Good air quality,pm25,2018-12-01 06:06:27+00,13.39,1,1020.0,2.1,0.92
242,Loyalton,City,Sierra,california,39.6762936,-120.2410385,1.93,54,Moderate air quality,pm25,2018-12-01 06:06:27+00,3.35,1,1015.0,4.1,0.25
243,Lynwood,City,Los Angeles,california,33.930293,-118.2114603,3.05,66,Moderate air quality,pm25,2018-12-01 06:06:27+00,17.36,1,1015.0,2.6,0.0
244,Madera,City,Madera,california,36.9613356,-120.0607176,2.34,83,Moderate air quality,pm25,2018-12-01 06:06:27+00,10.34,1,1018.0,2.36,0.0
245,Malibu,City,Los Angeles,california,34.0259216,-118.7797571,3.0,40,Good air quality,pm25,2018-12-01 06:06:27+00,17.23,40,1016.0,3.6,0.0
246,Mammoth Lakes,Town,Mono,california,37.648546,-118.972079,2.52,24,Good air quality,o3,2018-12-01 06:06:27+00,0.9,1,1016.0,1.5,0.0
247,Manhattan Beach,City,Los Angeles,california,33.8847361,-118.4109089,3.05,58,Moderate air quality,pm25,2018-12-01 06:06:27+00,17.42,20,1015.0,3.1,0.0
248,Manteca,City,San Joaquin,california,37.7974273,-121.2160526,2.03,74,Moderate air quality,pm25,2018-12-01 06:06:27+00,11.33,1,1019.0,3.1,2.46
249,Maricopa,City,Kern,california,35.058858,-119.4009509,2.77,67,Moderate air quality,pm25,2018-12-01 06:06:27+00,14.4,20,1018.0,2.1,0.0
250,Marina,City,Monterey,california,36.6844029,-121.802173,2.31,52,Moderate air quality,pm25,2018-12-01 06:06:27+00,12.03,1,1020.0,3.38,0.38
251,Martinez,City,Contra Costa,california,38.0193657,-122.1341321,1.94,58,Moderate air quality,pm25,2018-12-01 06:06:27+00,14.55,1,1020.0,2.1,1.17
252,Marysville,City,Yuba,california,39.1457253,-121.5913547,1.78,65,Moderate air quality,pm25,2018-12-01 06:06:27+00,13.32,1,1017.0,3.1,0.0
253,Maywood,City,Los Angeles,california,33.9866807,-118.185349,3.05,69,Moderate air quality,pm25,2018-12-01 06:06:27+00,17.36,1,1015.0,2.6,0.0
254,McFarland,City,Kern,california,35.6780104,-119.2292748,2.67,108,Unhealthy for sensitive groups air quality,pm25,2018-12-01 06:06:27+00,13.07,75,1019.0,1.78,0.0
255,Mendota,City,Fresno,california,36.7535611,-120.3815574,2.32,71,Moderate air quality,pm25,2018-12-01 06:06:27+00,11.21,1,1018.0,3.36,0.0
256,Menifee,City,Riverside,california,33.6971468,-117.185294,3.17,36,Good air quality,o3,2018-12-01 06:06:27+00,16.52,1,1016.0,0.91,0.0
257,Menlo Park,City,San Mateo,california,37.4529598,-122.1817252,2.12,60,Moderate air quality,pm25,2018-12-01 06:06:27+00,13.69,1,1020.0,2.1,0.92
258,Merced,City,Merced,california,37.3021632,-120.4829677,2.21,63,Moderate air quality,pm25,2018-12-01 06:06:27+00,10.34,1,1019.0,2.1,4.32
259,Mill Valley,City,Marin,california,37.9060368,-122.5449763,1.96,53,Moderate air quality,pm25,2018-12-01 06:06:27+00,14.52,20,1020.0,3.1,1.17
260,Millbrae,City,San Mateo,california,37.5985468,-122.3871942,2.04,59,Moderate air quality,pm25,2018-12-01 06:06:27+00,14.15,20,1020.0,3.1,1.02
261,Milpitas,City,Santa Clara,california,37.4323341,-121.8995741,2.12,52,Moderate air quality,pm25,2018-12-01 06:06:27+00,13.54,1,1020.0,2.1,1.02
262,Mission Viejo,City,Orange,california,33.5968913,-117.6581562,3.17,53,Moderate air quality,pm25,2018-12-01 06:06:27+00,17.01,1,1016.0,0.83,0.0
263,Modesto,City,Stanislaus,california,37.6390972,-120.9968782,2.11,77,Moderate air quality,pm25,2018-12-01 06:06:27+00,10.78,1,1019.0,1.5,2.42
264,Monrovia,City,Los Angeles,california,34.1442616,-118.0019482,3.0,63,Moderate air quality,pm25,2018-12-01 06:06:27+00,17.05,1,1015.0,1.46,0.0
265,Montague,City,Siskiyou,california,41.7281985,-122.5278007,1.41,46,Good air quality,pm25,2018-12-01 06:06:27+00,5.44,75,1013.0,1.03,0.0
266,Montclair,City,San Bernardino,california,34.0775104,-117.6897776,3.06,60,Moderate air quality,pm25,2018-12-01 06:06:27+00,17.19,1,1016.0,2.1,0.0
267,Monte Sereno,City,Santa Clara,california,37.236333,-121.992458,2.2,43,Good air quality,pm25,2018-12-01 06:06:27+00,13.38,1,1020.0,2.1,1.02
268,Montebello,City,Los Angeles,california,34.0165053,-118.1137535,3.0,58,Moderate air quality,pm25,2018-12-01 06:06:27+00,17.36,20,1015.0,1.46,0.0
269,Monterey,City,Monterey,california,36.6002378,-121.8946761,2.31,60,Moderate air quality,pm25,2018-12-01 06:06:27+00,12.03,1,1020.0,4.1,0.38
270,Monterey Park,City,Los Angeles,california,34.0625106,-118.1228476,3.0,66,Moderate air quality,pm25,2018-12-01 06:06:27+00,17.36,20,1015.0,1.46,0.0
271,Moorpark,City,Ventura,california,34.285558,-118.8820414,2.95,58,Moderate air quality,pm25,2018-12-01 06:06:27+00,17.17,40,1016.0,3.6,0.0
272,Moraga,Town,Contra Costa,california,37.8349263,-122.1296871,2.0,29,Good air quality,pm25,2018-12-01 06:06:27+00,14.34,1,1020.0,2.1,1.14
273,Moreno Valley,City,Riverside,california,33.9424658,-117.2296717,3.1,64,Moderate air quality,pm25,2018-12-01 06:06:27+00,16.56,1,1016.0,0.71,0.0
274,Morgan Hill,City,Santa Clara,california,37.1305012,-121.6543901,2.2,53,Moderate air quality,pm25,2018-12-01 06:06:27+00,12.56,40,1020.0,1.5,1.22
275,Morro Bay,City,San Luis Obispo,california,35.3659445,-120.8499924,2.68,22,Good air quality,o3,2018-12-01 06:06:27+00,14.49,1,1019.0,1.93,0.0
276,Mount Shasta,City,Siskiyou,california,41.3098746,-122.3105666,1.48,37,Good air quality,pm25,2018-12-01 06:06:27+00,5.42,90,1013.0,2.6,0.0
277,Mountain View,City,Santa Clara,california,37.3860517,-122.0838511,2.12,61,Moderate air quality,pm25,2018-12-01 06:06:27+00,13.54,1,1020.0,2.1,0.92
278,Murrieta,City,Riverside,california,33.5539143,-117.2139232,3.17,39,Good air quality,o3,2018-12-01 06:06:27+00,16.72,1,1016.0,0.91,0.0
279,Napa,City,Napa,california,38.2975381,-122.286865,1.9,55,Moderate air quality,pm25,2018-12-01 06:06:27+00,14.7,1,1019.0,1.01,0.25
280,National City,City,San Diego,california,32.6781085,-117.0991967,3.47,82,Moderate air quality,pm25,2018-12-01 06:06:27+00,17.33,40,1016.0,2.6,0.0
281,Needles,City,San Bernardino,california,34.8480597,-114.6141315,2.94,63,Moderate air quality,pm25,2018-12-01 06:06:27+00,17.6,1,1013.0,1.5,0.0
282,Nevada City,City,Nevada,california,39.2615606,-121.0160594,1.82,29,Good air quality,o3,2018-12-01 06:06:27+00,10.78,1,1017.0,3.1,0.51
283,Newark,City,Alameda,california,37.5296593,-122.0402399,2.03,31,Good air quality,pm25,2018-12-01 06:06:27+00,13.69,1,1020.0,2.1,1.02
284,Newman,City,Stanislaus,california,37.3138267,-121.0207614,2.16,57,Moderate air quality,pm25,2018-12-01 06:06:27+00,11.16,1,1019.0,2.1,2.42
285,Newport Beach,City,Orange,california,33.6188829,-117.9298493,3.12,47,Good air quality,pm25,2018-12-01 06:06:27+00,17.19,20,1015.0,2.1,0.0
286,Norco,City,Riverside,california,33.9311257,-117.548661,3.08,55,Moderate air quality,pm25,2018-12-01 06:06:27+00,17.1,1,1016.0,0.53,0.0
287,Norwalk,City,Los Angeles,california,33.9022367,-118.081733,3.05,64,Moderate air quality,pm25,2018-12-01 06:06:27+00,17.36,20,1015.0,1.46,0.0
288,Novato,City,Marin,california,38.1074198,-122.5697032,1.92,57,Moderate air quality,pm25,2018-12-01 06:06:27+00,14.7,1,1019.0,2.1,0.51
289,Oakdale,City,Stanislaus,california,37.7665947,-120.8471545,2.05,71,Moderate air quality,pm25,2018-12-01 06:06:27+00,10.28,1,1019.0,2.1,2.42
290,Oakland,City,Alameda,california,37.8043637,-122.2711137,1.97,67,Moderate air quality,pm25,2018-12-01 06:06:27+00,14.34,1,1020.0,2.1,1.14
291,Oakley,City,Contra Costa,california,37.9974219,-121.7124536,2.01,61,Moderate air quality,pm25,2018-12-01 06:06:27+00,14.25,1,1019.0,3.1,0.89
292,Oceanside,City,San Diego,california,33.1958696,-117.3794834,3.32,59,Moderate air quality,pm25,2018-12-01 06:06:27+00,17.45,1,1016.0,5.18,0.0
293,Ojai,City,Ventura,california,34.4480495,-119.242889,2.95,53,Moderate air quality,pm25,2018-12-01 06:06:27+00,17.58,1,1016.0,5.96,0.0
294,Ontario,City,San Bernardino,california,34.0633443,-117.6508876,3.06,59,Moderate air quality,pm25,2018-12-01 06:06:27+00,17.21,1,1016.0,2.1,0.0
295,Orange,City,Orange,california,33.7879139,-117.8531007,3.04,61,Moderate air quality,pm25,2018-12-01 06:06:27+00,17.2,20,1015.0,0.83,0.0
296,Orange Cove,City,Fresno,california,36.624394,-119.3137301,2.46,79,Moderate air quality,pm25,2018-12-01 06:06:27+00,11.9,1,1019.0,1.91,0.0
297,Orinda,City,Contra Costa,california,37.8771476,-122.1796888,2.0,51,Moderate air quality,pm25,2018-12-01 06:06:27+00,14.34,1,1020.0,2.1,1.14
298,Orland,City,Glenn,california,39.7473803,-122.1963748,1.69,34,Good air quality,pm25,2018-12-01 06:06:27+00,13.37,90,1017.0,1.5,0.0
299,Oroville,City,Butte,california,39.5137752,-121.556359,1.72,45,Good air quality,pm25,2018-12-01 06:06:27+00,12.01,1,1017.0,3.1,0.51
300,Oxnard,City,Ventura,california,34.1975048,-119.1770516,2.96,61,Moderate air quality,pm25,2018-12-01 06:06:27+00,17.6,40,1016.0,3.6,0.0
301,Pacific Grove,City,Monterey,california,36.6177374,-121.9166215,2.31,45,Good air quality,pm25,2018-12-01 06:06:27+00,12.03,1,1020.0,4.1,0.38
302,Pacifica,City,San Mateo,california,37.6138253,-122.4869194,2.04,39,Good air quality,pm25,2018-12-01 06:06:27+00,14.15,20,1020.0,3.1,1.14
303,Palm Desert,City,Riverside,california,33.7222445,-116.3744556,3.24,55,Moderate air quality,pm25,2018-12-01 06:06:27+00,17.54,40,1014.0,3.6,0.0
304,Palm Springs,City,Riverside,california,33.8302961,-116.5452921,3.17,49,Good air quality,pm25,2018-12-01 06:06:27+00,16.61,1,1016.0,1.11,0.0
305,Palmdale,City,Los Angeles,california,34.5794343,-118.1164613,2.97,47,Good air quality,pm25,2018-12-01 06:06:27+00,14.27,1,1016.0,5.1,0.0
306,Palo Alto,City,Santa Clara,california,37.4418834,-122.1430195,2.12,57,Moderate air quality,pm25,2018-12-01 06:06:27+00,13.69,1,1020.0,2.1,1.02
307,Palos Verdes Estates,City,Los Angeles,california,33.8005714,-118.3900737,3.05,45,Good air quality,pm25,2018-12-01 06:06:27+00,17.42,1,1015.0,2.6,0.0
308,Paradise,Town,Butte,california,39.7596061,-121.6219177,1.74,30,Good air quality,pm25,2018-12-01 06:06:27+00,13.29,20,1018.0,2.6,0.0
309,Paramount,City,Los Angeles,california,33.8894598,-118.1597911,3.05,39,Good air quality,pm25,2018-12-01 06:06:27+00,17.36,20,1015.0,5.33,0.0
310,Parlier,City,Fresno,california,36.6116174,-119.5270734,2.44,76,Moderate air quality,pm25,2018-12-01 06:06:27+00,11.73,1,1018.0,1.91,0.0
311,Pasadena,City,Los Angeles,california,34.1477849,-118.1445155,3.0,66,Moderate air quality,pm25,2018-12-01 06:06:27+00,17.05,1,1015.0,2.1,0.0
312,Paso Robles,City,San Luis Obispo,california,35.6368759,-120.6545022,2.66,25,Good air quality,o3,2018-12-01 06:06:27+00,13.4,1,1019.0,4.6,0.0
313,Patterson,City,Stanislaus,california,37.4716001,-121.129656,2.16,62,Moderate air quality,pm25,2018-12-01 06:06:27+00,11.85,1,1019.0,2.1,2.46
314,Perris,City,Riverside,california,33.7825194,-117.2286478,3.1,62,Moderate air quality,pm25,2018-12-01 06:06:27+00,16.51,1,1016.0,0.91,0.0
315,Petaluma,City,Sonoma,california,38.232417,-122.6366524,1.92,57,Moderate air quality,pm25,2018-12-01 06:06:27+00,14.81,1,1019.0,1.01,0.25
316,Pico Rivera,City,Los Angeles,california,33.9830688,-118.096735,3.05,60,Moderate air quality,pm25,2018-12-01 06:06:27+00,17.58,20,1015.0,1.46,0.0
317,Piedmont,City,Alameda,california,37.8243715,-122.231635,2.0,31,Good air quality,pm25,2018-12-01 06:06:27+00,14.2,1,1020.0,2.1,1.14
318,Pinole,City,Contra Costa,california,38.0043667,-122.2988587,1.92,55,Moderate air quality,pm25,2018-12-01 06:06:27+00,14.6,1,1020.0,2.1,1.02
319,Pismo Beach,City,San Luis Obispo,california,35.1427533,-120.6412827,2.74,44,Good air quality,pm25,2018-12-01 06:06:27+00,14.65,1,1019.0,1.93,0.0
320,Pittsburg,City,Contra Costa,california,38.0279762,-121.8846806,1.93,61,Moderate air quality,pm25,2018-12-01 06:06:27+00,14.27,1,1020.0,2.1,1.06
321,Placentia,City,Orange,california,33.8710729,-117.8627548,3.04,59,Moderate air quality,pm25,2018-12-01 06:06:27+00,17.18,1,1015.0,0.83,0.0
322,Placerville,City,El Dorado,california,38.7296252,-120.798546,1.94,38,Good air quality,pm25,2018-12-01 06:06:27+00,9.82,1,1018.0,3.6,0.51
323,Pleasant Hill,City,Contra Costa,california,37.9479786,-122.0607963,2.0,56,Moderate air quality,pm25,2018-12-01 06:06:27+00,14.55,1,1020.0,2.1,1.14
324,Pleasanton,City,Alameda,california,37.6624312,-121.8746789,2.07,52,Moderate air quality,pm25,2018-12-01 06:06:27+00,13.61,1,1020.0,2.1,1.05
325,Plymouth,City,Amador,california,38.4818531,-120.844659,1.97,34,Good air quality,pm25,2018-12-01 06:06:27+00,10.51,1,1018.0,3.6,0.0
326,Point Arena,City,Mendocino,california,38.908798,-123.6930726,1.78,36,Good air quality,pm25,2018-12-01 06:06:27+00,10.0,90,1018.0,1.5,0.0
327,Pomona,City,Los Angeles,california,34.055103,-117.7499909,3.06,65,Moderate air quality,pm25,2018-12-01 06:06:27+00,17.19,1,1016.0,0.53,0.0
328,Port Hueneme,City,Ventura,california,34.1477829,-119.1951074,2.96,55,Moderate air quality,pm25,2018-12-01 06:06:27+00,17.6,40,1016.0,3.6,0.0
329,Porterville,City,Tulare,california,36.06523,-119.0167679,2.58,115,Unhealthy for sensitive groups air quality,pm25,2018-12-01 06:06:27+00,12.33,90,1019.0,0.88,0.0
330,Portola,City,Plumas,california,39.8104567,-120.4691034,1.86,71,Moderate air quality,pm25,2018-12-01 06:06:27+00,4.38,1,1015.0,4.1,0.25
331,Portola Valley,Town,San Mateo,california,37.3841066,-122.2352443,2.12,35,Good air quality,pm25,2018-12-01 06:06:27+00,13.58,1,1020.0,2.1,1.02
332,Poway,City,San Diego,california,32.9628232,-117.0358646,3.4,39,Good air quality,pm25,2018-12-01 06:06:27+00,17.15,40,1016.0,2.6,0.0
333,Rancho Cordova,City,Sacramento,california,38.5890723,-121.302728,1.87,55,Moderate air quality,pm25,2018-12-01 06:06:27+00,13.01,1,1019.0,2.6,0.0
334,Rancho Cucamonga,City,San Bernardino,california,34.1063989,-117.5931084,3.06,51,Moderate air quality,pm25,2018-12-01 06:06:27+00,17.24,1,1016.0,2.1,0.0
335,Rancho Mirage,City,Riverside,california,33.739744,-116.41279,3.24,38,Good air quality,o3,2018-12-01 06:06:27+00,17.08,1,1016.0,1.11,0.0
336,Rancho Palos Verdes,City,Los Angeles,california,33.7444613,-118.3870173,3.13,39,Good air quality,pm25,2018-12-01 06:06:27+00,17.42,1,1015.0,2.6,0.0
337,Rancho Santa Margarita,City,Orange,california,33.640171,-117.602832,3.17,44,Good air quality,pm25,2018-12-01 06:06:27+00,17.02,1,1016.0,0.83,0.0
338,Red Bluff,City,Tehama,california,40.1784886,-122.2358302,1.62,44,Good air quality,pm25,2018-12-01 06:06:27+00,12.47,90,1017.0,1.5,0.0
339,Redding,City,Shasta,california,40.5865396,-122.3916754,1.53,86,Moderate air quality,pm25,2018-12-01 06:06:27+00,9.9,90,1016.0,2.1,0.0
340,Redlands,City,San Bernardino,california,34.0555693,-117.1825381,3.1,69,Moderate air quality,pm25,2018-12-01 06:06:27+00,15.68,1,1016.0,0.71,0.0
341,Redondo Beach,City,Los Angeles,california,33.8491816,-118.3884078,3.05,63,Moderate air quality,pm25,2018-12-01 06:06:27+00,17.42,1,1015.0,2.6,0.0
342,Redwood City,City,San Mateo,california,37.4852152,-122.2363548,2.12,54,Moderate air quality,pm25,2018-12-01 06:06:27+00,14.07,1,1020.0,2.1,1.14
343,Reedley,City,Fresno,california,36.5963395,-119.4504029,2.46,79,Moderate air quality,pm25,2018-12-01 06:06:27+00,11.84,1,1018.0,1.91,0.0
344,Rialto,City,San Bernardino,california,34.1064001,-117.3703235,3.03,66,Moderate air quality,pm25,2018-12-01 06:06:27+00,16.48,1,1016.0,0.53,0.0
345,Richmond,City,Contra Costa,california,37.9357576,-122.3477486,1.97,64,Moderate air quality,pm25,2018-12-01 06:06:27+00,14.43,1,1020.0,2.1,1.17
346,Ridgecrest,City,Kern,california,35.6224561,-117.6708966,2.77,49,Good air quality,pm25,2018-12-01 06:06:27+00,16.1,1,1013.0,2.6,0.0
347,Rio Dell,City,Humboldt,california,40.4993013,-124.1064369,1.56,26,Good air quality,o3,2018-12-01 06:06:27+00,8.38,75,1017.0,4.6,0.0
348,Rio Vista,City,Solano,california,38.1557502,-121.6913439,1.94,55,Moderate air quality,pm25,2018-12-01 06:06:27+00,13.98,1,1019.0,2.1,0.89
349,Ripon,City,San Joaquin,california,37.7394537,-121.1354141,2.09,56,Moderate air quality,pm25,2018-12-01 06:06:27+00,11.33,1,1019.0,3.1,2.46
350,Riverbank,City,Stanislaus,california,37.7360396,-120.9354895,2.11,57,Moderate air quality,pm25,2018-12-01 06:06:27+00,10.78,1,1019.0,1.5,2.42
351,Riverside,City,Riverside,california,33.9806005,-117.3754942,3.08,76,Moderate air quality,pm25,2018-12-01 06:06:27+00,16.74,1,1016.0,0.53,0.0
352,Rocklin,City,Placer,california,38.7907339,-121.2357828,1.87,59,Moderate air quality,pm25,2018-12-01 06:06:27+00,11.23,1,1018.0,3.6,0.51
353,Rohnert Park,City,Sonoma,california,38.3396367,-122.7010984,1.88,29,Good air quality,o3,2018-12-01 06:06:27+00,14.9,1,1019.0,1.01,0.0
354,Rolling Hills,City,Los Angeles,california,33.7569615,-118.3539613,3.05,39,Good air quality,pm25,2018-12-01 06:06:27+00,17.42,1,1015.0,2.6,0.0
355,Rolling Hills Estates,City,Los Angeles,california,33.7877943,-118.3581284,3.05,53,Moderate air quality,pm25,2018-12-01 06:06:27+00,17.42,1,1015.0,2.6,0.0
356,Rosemead,City,Los Angeles,california,34.0805651,-118.072846,3.0,64,Moderate air quality,pm25,2018-12-01 06:06:27+00,17.37,20,1015.0,1.46,0.0
357,Roseville,City,Placer,california,38.7521235,-121.2880059,1.83,57,Moderate air quality,pm25,2018-12-01 06:06:27+00,11.22,1,1018.0,3.6,0.51
358,Ross,Town,Marin,california,37.9624239,-122.5549775,1.96,37,Good air quality,pm25,2018-12-01 06:06:27+00,14.63,20,1020.0,3.1,0.51
359,Sacramento,City,Sacramento,california,38.5815719,-121.4943996,1.87,63,Moderate air quality,pm25,2018-12-01 06:06:27+00,13.0,1,1019.0,2.1,0.0
360,St. Helena,City,Napa,california,38.5052429,-122.4703868,1.86,38,Good air quality,pm25,2018-12-01 06:06:27+00,14.75,1,1019.0,1.01,0.0
361,Salinas,City,Monterey,california,36.6777372,-121.6555013,2.32,58,Moderate air quality,pm25,2018-12-01 06:06:27+00,12.02,1,1020.0,3.38,0.38
362,San Anselmo,Town,Marin,california,37.9746458,-122.5616448,1.96,37,Good air quality,pm25,2018-12-01 06:06:27+00,14.63,20,1020.0,3.1,0.51
363,San Bernardino,City,San Bernardino,california,34.1083449,-117.2897652,3.03,62,Moderate air quality,pm25,2018-12-01 06:06:27+00,16.22,1,1016.0,0.71,0.0
364,San Bruno,City,San Mateo,california,37.6304904,-122.4110835,2.04,65,Moderate air quality,pm25,2018-12-01 06:06:27+00,14.15,20,1020.0,3.1,1.14
365,San Carlos,City,San Mateo,california,37.5071591,-122.2605222,2.04,58,Moderate air quality,pm25,2018-12-01 06:06:27+00,14.07,1,1020.0,2.1,1.14
366,San Clemente,City,Orange,california,33.4273521,-117.6126004,3.2,56,Moderate air quality,pm25,2018-12-01 06:06:27+00,17.42,1,1016.0,0.83,0.0
367,San Diego,City,San Diego,california,32.715738,-117.1610838,3.47,84,Moderate air quality,pm25,2018-12-01 06:06:27+00,17.27,40,1016.0,2.6,0.0
368,San Dimas,City,Los Angeles,california,34.1066756,-117.8067257,3.02,63,Moderate air quality,pm25,2018-12-01 06:06:27+00,17.19,1,1016.0,0.53,0.0
369,San Fernando,City,Los Angeles,california,34.2819461,-118.4389719,3.0,65,Moderate air quality,pm25,2018-12-01 06:06:27+00,17.03,1,1015.0,2.1,0.0
370,San Francisco,City and county,San Francisco,california,37.7749295,-122.4194155,1.97,65,Moderate air quality,pm25,2018-12-01 06:06:27+00,14.23,20,1020.0,3.1,1.14
371,San Gabriel,City,Los Angeles,california,34.0961111,-118.1058333,3.0,63,Moderate air quality,pm25,2018-12-01 06:06:27+00,17.37,1,1015.0,2.1,0.0
372,San Jacinto,City,Riverside,california,33.7839084,-116.958635,3.16,61,Moderate air quality,pm25,2018-12-01 06:06:27+00,16.29,1,1016.0,0.91,0.0
373,San Joaquin,City,Fresno,california,36.6066162,-120.1890447,2.39,64,Moderate air quality,pm25,2018-12-01 06:06:27+00,11.73,1,1018.0,3.91,0.0
374,San Jose,City,Santa Clara,california,37.3382082,-121.8863286,2.12,58,Moderate air quality,pm25,2018-12-01 06:06:27+00,13.35,1,1020.0,2.1,1.02
375,San Juan Bautista,City,San Benito,california,36.8455108,-121.5379974,2.25,23,Good air quality,o3,2018-12-01 06:06:27+00,12.13,1,1020.0,3.38,0.59
376,San Juan Capistrano,City,Orange,california,33.5019027,-117.6627655,3.17,61,Moderate air quality,pm25,2018-12-01 06:06:27+00,17.01,1,1016.0,0.83,0.0
377,San Leandro,City,Alameda,california,37.7249296,-122.1560768,2.03,51,Moderate air quality,pm25,2018-12-01 06:06:27+00,14.14,1,1020.0,2.1,1.14
378,San Luis Obispo,City,San Luis Obispo,california,35.2827524,-120.6596156,2.71,20,Good air quality,o3,2018-12-01 06:06:27+00,14.59,1,1019.0,1.93,0.0
379,San Marcos,City,San Diego,california,33.1433723,-117.1661449,3.33,47,Good air quality,pm25,2018-12-01 06:06:27+00,17.15,40,1016.0,2.6,0.0
380,San Marino,City,Los Angeles,california,34.121397,-118.1064585,3.0,63,Moderate air quality,pm25,2018-12-01 06:06:27+00,17.05,1,1015.0,2.1,0.0
381,San Mateo,City,San Mateo,california,37.5629917,-122.3255254,2.04,66,Moderate air quality,pm25,2018-12-01 06:06:27+00,14.15,1,1020.0,2.1,1.14
382,San Pablo,City,Contra Costa,california,37.9621457,-122.3455263,1.97,61,Moderate air quality,pm25,2018-12-01 06:06:27+00,14.6,1,1020.0,2.1,1.17
383,San Rafael,City,Marin,california,37.9735346,-122.5310874,1.96,59,Moderate air quality,pm25,2018-12-01 06:06:27+00,14.63,20,1020.0,3.1,0.51
384,San Ramon,City,Contra Costa,california,37.7799273,-121.9780153,2.02,53,Moderate air quality,pm25,2018-12-01 06:06:27+00,14.11,1,1020.0,2.1,1.05
385,Sand City,City,Monterey,california,36.6171819,-121.8482855,2.31,25,Good air quality,pm25,2018-12-01 06:06:27+00,12.03,1,1020.0,4.1,0.38
386,Sanger,City,Fresno,california,36.708006,-119.5559652,2.44,73,Moderate air quality,pm25,2018-12-01 06:06:27+00,11.74,1,1018.0,1.91,0.0
387,Santa Ana,City,Orange,california,33.7454725,-117.867653,3.12,68,Moderate air quality,pm25,2018-12-01 06:06:27+00,17.16,20,1015.0,2.1,0.0
388,Santa Barbara,City,Santa Barbara,california,34.4208305,-119.6981901,2.92,57,Moderate air quality,pm25,2018-12-01 06:06:27+00,16.7,1,1018.0,4.1,0.0
389,Santa Clara,City,Santa Clara,california,37.3541079,-121.9552356,2.12,56,Moderate air quality,pm25,2018-12-01 06:06:27+00,13.63,1,1020.0,2.1,1.02
390,Santa Clarita,City,Los Angeles,california,34.3916641,-118.542586,2.97,30,Good air quality,o3,2018-12-01 06:06:27+00,16.79,1,1015.0,2.1,0.0
391,Santa Cruz,City,Santa Cruz,california,36.9741171,-122.0307963,2.23,56,Moderate air quality,pm25,2018-12-01 06:06:27+00,12.53,1,1020.0,2.1,0.89
392,Santa Fe Springs,City,Los Angeles,california,33.9472359,-118.0853451,3.05,58,Moderate air quality,pm25,2018-12-01 06:06:27+00,17.36,20,1015.0,1.46,0.0
393,Santa Maria,City,Santa Barbara,california,34.9530337,-120.4357191,2.8,47,Good air quality,pm25,2018-12-01 06:06:27+00,15.01,1,1018.0,4.6,0.0
394,Santa Monica,City,Los Angeles,california,34.0194543,-118.4911912,2.98,73,Moderate air quality,pm25,2018-12-01 06:06:27+00,17.39,20,1015.0,3.1,0.0
395,Santa Paula,City,Ventura,california,34.3541659,-119.0592705,2.95,58,Moderate air quality,pm25,2018-12-01 06:06:27+00,17.15,40,1016.0,3.6,0.0
396,Santa Rosa,City,Sonoma,california,38.440429,-122.7140548,1.88,57,Moderate air quality,pm25,2018-12-01 06:06:27+00,15.0,1,1019.0,4.26,0.0
397,Santee,City,San Diego,california,32.8383828,-116.9739167,3.46,60,Moderate air quality,pm25,2018-12-01 06:06:27+00,17.25,40,1016.0,2.6,0.0
398,Saratoga,City,Santa Clara,california,37.2638324,-122.0230146,2.12,41,Good air quality,pm25,2018-12-01 06:06:27+00,13.38,1,1020.0,2.1,1.02
399,Sausalito,City,Marin,california,37.8590937,-122.4852507,1.97,44,Good air quality,pm25,2018-12-01 06:06:27+00,14.52,20,1020.0,3.1,1.17
400,Scotts Valley,City,Santa Cruz,california,37.0510595,-122.0146841,2.19,29,Good air quality,o3,2018-12-01 06:06:27+00,12.89,1,1020.0,2.1,0.76
401,Seal Beach,City,Orange,california,33.7414085,-118.1047682,3.13,43,Good air quality,pm25,2018-12-01 06:06:27+00,17.36,20,1015.0,5.33,0.0
402,Seaside,City,Monterey,california,36.6149217,-121.822098,2.31,46,Good air quality,pm25,2018-12-01 06:06:27+00,12.03,1,1020.0,4.1,0.38
403,Sebastopol,City,Sonoma,california,38.4021359,-122.8238806,1.87,49,Good air quality,pm25,2018-12-01 06:06:27+00,15.0,1,1019.0,4.26,0.0
404,Selma,City,Fresno,california,36.5707838,-119.6120765,2.44,82,Moderate air quality,pm25,2018-12-01 06:06:27+00,11.73,1,1018.0,1.91,0.0
405,Shafter,City,Kern,california,35.5005139,-119.2717761,2.65,105,Unhealthy for sensitive groups air quality,pm25,2018-12-01 06:06:27+00,13.04,75,1019.0,1.78,0.0
406,Shasta Lake,City,Shasta,california,40.6804279,-122.3708419,1.53,64,Moderate air quality,pm25,2018-12-01 06:06:27+00,9.97,75,1016.0,1.5,0.0
407,Sierra Madre,City,Los Angeles,california,34.1616729,-118.0528456,3.0,65,Moderate air quality,pm25,2018-12-01 06:06:27+00,17.05,1,1015.0,2.1,0.0
408,Signal Hill,City,Los Angeles,california,33.8044614,-118.1678456,3.05,61,Moderate air quality,pm25,2018-12-01 06:06:27+00,17.36,1,1015.0,3.1,0.0
409,Simi Valley,City,Ventura,california,34.2694474,-118.781482,2.95,34,Good air quality,o3,2018-12-01 06:06:27+00,17.14,40,1016.0,3.6,0.0
410,Solana Beach,City,San Diego,california,32.991155,-117.2711481,3.42,57,Moderate air quality,pm25,2018-12-01 06:06:27+00,17.27,40,1016.0,2.6,0.0
411,Soledad,City,Monterey,california,36.424687,-121.3263187,2.44,57,Moderate air quality,pm25,2018-12-01 06:06:27+00,11.6,1,1020.0,1.91,0.51
412,Solvang,City,Santa Barbara,california,34.5958201,-120.1376481,2.87,29,Good air quality,pm25,2018-12-01 06:06:27+00,15.83,1,1018.0,4.6,0.0
413,Sonoma,City,Sonoma,california,38.291859,-122.4580356,1.9,52,Moderate air quality,pm25,2018-12-01 06:06:27+00,14.7,1,1019.0,1.01,0.25
414,Sonora,City,Tuolumne,california,37.9829496,-120.3821724,2.13,76,Moderate air quality,pm25,2018-12-01 06:06:27+00,8.78,1,1019.0,1.56,4.32
415,South El Monte,City,Los Angeles,california,34.0519548,-118.0467339,3.0,63,Moderate air quality,pm25,2018-12-01 06:06:27+00,17.37,1,1015.0,1.46,0.0
416,South Gate,City,Los Angeles,california,33.954737,-118.2120161,3.05,67,Moderate air quality,pm25,2018-12-01 06:06:27+00,17.36,1,1015.0,2.6,0.0
417,South Lake Tahoe,City,El Dorado,california,38.939926,-119.9771868,2.11,34,Good air quality,o3,2018-12-01 06:06:27+00,2.1,1,1016.0,1.23,0.25
418,South Pasadena,City,Los Angeles,california,34.1161196,-118.1503488,3.0,66,Moderate air quality,pm25,2018-12-01 06:06:27+00,17.05,1,1015.0,2.1,0.0
419,South San Francisco,City,San Mateo,california,37.654656,-122.4077498,2.04,64,Moderate air quality,pm25,2018-12-01 06:06:27+00,14.15,20,1020.0,3.1,1.14
420,Stanton,City,Orange,california,33.8028875,-117.9931203,3.04,53,Moderate air quality,pm25,2018-12-01 06:06:27+00,17.18,20,1015.0,5.33,0.0
421,Stockton,City,San Joaquin,california,37.9577016,-121.2907796,2.01,77,Moderate air quality,pm25,2018-12-01 06:06:27+00,12.08,1,1019.0,3.1,2.46
422,Suisun City,City,Solano,california,38.2382474,-122.040244,1.94,37,Good air quality,pm25,2018-12-01 06:06:27+00,14.55,1,1019.0,2.1,1.01
423,Sunnyvale,City,Santa Clara,california,37.36883,-122.0363496,2.12,57,Moderate air quality,pm25,2018-12-01 06:06:27+00,13.69,1,1020.0,2.1,1.02
424,Susanville,City,Lassen,california,40.4162842,-120.6530063,1.73,51,Moderate air quality,pm25,2018-12-01 06:06:27+00,5.0,40,1015.0,3.1,0.0
425,Sutter Creek,City,Amador,california,38.3929675,-120.8024357,1.97,57,Moderate air quality,pm25,2018-12-01 06:06:27+00,10.07,1,1018.0,1.5,0.51
426,Taft,City,Kern,california,35.1424671,-119.4565078,2.77,75,Moderate air quality,pm25,2018-12-01 06:06:27+00,14.4,20,1018.0,2.1,0.0
427,Tehachapi,City,Kern,california,35.1321877,-118.4489739,2.95,51,Moderate air quality,pm25,2018-12-01 06:06:27+00,12.64,1,1014.0,11.8,0.0
428,Tehama,City,Tehama,california,40.0271015,-122.1233228,1.62,21,Good air quality,pm25,2018-12-01 06:06:27+00,12.47,90,1017.0,1.5,0.0
429,Temecula,City,Riverside,california,33.4936391,-117.1483648,3.24,53,Moderate air quality,pm25,2018-12-01 06:06:27+00,16.7,1,1016.0,0.91,0.0
430,Temple City,City,Los Angeles,california,34.1072305,-118.0578456,3.0,56,Moderate air quality,pm25,2018-12-01 06:06:27+00,17.37,1,1015.0,1.46,0.0
431,Thousand Oaks,City,Ventura,california,34.1705609,-118.8375937,3.0,60,Moderate air quality,pm25,2018-12-01 06:06:27+00,17.14,40,1016.0,3.6,0.0
432,Tiburon,Town,Marin,california,37.8735377,-122.4566392,1.97,56,Moderate air quality,pm25,2018-12-01 06:06:27+00,14.52,20,1020.0,3.1,1.17
433,Torrance,City,Los Angeles,california,33.8358492,-118.3406288,3.05,49,Good air quality,pm25,2018-12-01 06:06:27+00,17.36,1,1015.0,2.6,0.0
434,Tracy,City,San Joaquin,california,37.7396513,-121.4252227,2.09,70,Moderate air quality,pm25,2018-12-01 06:06:27+00,13.48,1,1019.0,3.1,1.52
435,Trinidad,City,Humboldt,california,41.059291,-124.1431246,1.43,22,Good air quality,o3,2018-12-01 06:06:27+00,8.51,75,1015.0,5.1,0.0
436,Truckee,Town,Nevada,california,39.327962,-120.1832533,1.98,53,Moderate air quality,pm25,2018-12-01 06:06:27+00,1.87,1,1016.0,1.13,0.25
437,Tulare,City,Tulare,california,36.2077288,-119.3473379,2.56,117,Unhealthy for sensitive groups air quality,pm25,2018-12-01 06:06:27+00,12.37,90,1019.0,2.11,0.0
438,Tulelake,City,Siskiyou,california,41.9559884,-121.4774916,1.41,52,Moderate air quality,pm25,2018-12-01 06:06:27+00,1.1,75,1011.0,4.6,0.0
439,Turlock,City,Stanislaus,california,37.4946568,-120.8465941,2.17,82,Moderate air quality,pm25,2018-12-01 06:06:27+00,10.74,1,1019.0,2.1,2.42
440,Tustin,City,Orange,california,33.7420005,-117.8236391,3.12,37,Good air quality,pm25,2018-12-01 06:06:27+00,17.06,1,1016.0,0.83,0.0
441,Twentynine Palms,City,San Bernardino,california,34.1355582,-116.0541689,3.11,45,Good air quality,o3,2018-12-01 06:06:27+00,15.6,1,1017.0,2.6,0.0
442,Ukiah,City,Mendocino,california,39.1501709,-123.2077831,1.77,61,Moderate air quality,pm25,2018-12-01 06:06:27+00,10.0,90,1018.0,1.5,0.0
443,Union City,City,Alameda,california,37.5933918,-122.0438298,2.03,47,Good air quality,pm25,2018-12-01 06:06:27+00,13.72,1,1020.0,2.1,1.14
444,Upland,City,San Bernardino,california,34.09751,-117.6483876,3.06,57,Moderate air quality,pm25,2018-12-01 06:06:27+00,17.23,1,1016.0,2.1,0.0
445,Vacaville,City,Solano,california,38.3565773,-121.9877444,1.89,63,Moderate air quality,pm25,2018-12-01 06:06:27+00,13.96,1,1019.0,2.1,0.0
446,Vallejo,City,Solano,california,38.1040864,-122.2566367,1.92,61,Moderate air quality,pm25,2018-12-01 06:06:27+00,14.61,1,1020.0,2.1,0.51
447,Ventura,City,Ventura,california,34.2804923,-119.2945199,2.94,58,Moderate air quality,pm25,2018-12-01 06:06:27+00,17.59,1,1016.0,5.96,0.0
448,Vernon,City,Los Angeles,california,34.003903,-118.230073,3.0,69,Moderate air quality,pm25,2018-12-01 06:06:27+00,17.36,1,1015.0,2.6,0.0
449,Victorville,City,San Bernardino,california,34.5362184,-117.2927641,2.98,58,Moderate air quality,pm25,2018-12-01 06:06:27+00,14.61,75,1015.0,5.1,0.0
450,Villa Park,City,Orange,california,33.8140062,-117.8220723,3.04,54,Moderate air quality,pm25,2018-12-01 06:06:27+00,17.1,1,1016.0,0.83,0.0
451,Visalia,City,Tulare,california,36.3302284,-119.2920585,2.51,117,Unhealthy for sensitive groups air quality,pm25,2018-12-01 06:06:27+00,11.97,90,1019.0,1.91,0.0
452,Vista,City,San Diego,california,33.2000368,-117.2425355,3.33,54,Moderate air quality,pm25,2018-12-01 06:06:27+00,17.26,1,1016.0,1.21,0.0
453,Walnut,City,Los Angeles,california,34.0202894,-117.8653386,3.02,57,Moderate air quality,pm25,2018-12-01 06:06:27+00,17.18,1,1015.0,0.53,0.0
454,Walnut Creek,City,Contra Costa,california,37.9100783,-122.0651819,2.0,57,Moderate air quality,pm25,2018-12-01 06:06:27+00,14.34,1,1020.0,2.1,1.14
455,Wasco,City,Kern,california,35.5941238,-119.3409457,2.65,90,Moderate air quality,pm25,2018-12-01 06:06:27+00,13.06,75,1019.0,1.78,0.0
456,Waterford,City,Stanislaus,california,37.6413202,-120.7604834,2.11,73,Moderate air quality,pm25,2018-12-01 06:06:27+00,9.96,1,1019.0,2.1,2.42
457,Watsonville,City,Santa Cruz,california,36.910231,-121.7568946,2.23,56,Moderate air quality,pm25,2018-12-01 06:06:27+00,12.35,1,1020.0,1.36,0.89
458,Weed,City,Siskiyou,california,41.4226498,-122.3861269,1.48,61,Moderate air quality,pm25,2018-12-01 06:06:27+00,5.39,90,1013.0,2.6,0.0
459,West Covina,City,Los Angeles,california,34.0686208,-117.9389526,3.02,67,Moderate air quality,pm25,2018-12-01 06:06:27+00,17.18,1,1015.0,1.46,0.0
460,West Hollywood,City,Los Angeles,california,34.0900091,-118.3617443,2.98,66,Moderate air quality,pm25,2018-12-01 06:06:27+00,17.43,1,1015.0,2.1,0.0
461,West Sacramento,City,Yolo,california,38.5804609,-121.530234,1.86,54,Moderate air quality,pm25,2018-12-01 06:06:27+00,13.0,1,1019.0,2.1,0.0
462,Westlake Village,City,Los Angeles,california,34.1466467,-118.8073729,3.0,40,Good air quality,pm25,2018-12-01 06:06:27+00,17.14,40,1016.0,3.6,0.0
463,Westminster,City,Orange,california,33.7591757,-117.9897058,3.04,56,Moderate air quality,pm25,2018-12-01 06:06:27+00,17.18,20,1015.0,5.33,0.0
464,Westmorland,City,Imperial,california,33.0372674,-115.6213817,3.28,80,Moderate air quality,pm25,2018-12-01 06:06:27+00,20.68,1,1014.0,7.7,0.0
465,Wheatland,City,Yuba,california,39.0098946,-121.4230133,1.8,41,Good air quality,pm25,2018-12-01 06:06:27+00,12.49,1,1017.0,3.1,0.0
466,Whittier,City,Los Angeles,california,33.9791793,-118.032844,3.05,60,Moderate air quality,pm25,2018-12-01 06:06:27+00,17.58,1,1015.0,1.46,0.0
467,Wildomar,City,Riverside,california,33.5989126,-117.2800372,3.19,35,Good air quality,o3,2018-12-01 06:06:27+00,16.72,1,1016.0,0.91,0.0
468,Williams,City,Colusa,california,39.1546137,-122.1494187,1.76,68,Moderate air quality,pm25,2018-12-01 06:06:27+00,14.29,1,1018.0,2.1,0.0
469,Willits,City,Mendocino,california,39.4096079,-123.3555656,1.73,44,Good air quality,pm25,2018-12-01 06:06:27+00,10.0,90,1018.0,1.5,0.0
470,Willows,City,Glenn,california,39.5243265,-122.1935931,1.69,55,Moderate air quality,pm25,2018-12-01 06:06:27+00,13.9,20,1018.0,2.6,0.0
471,Windsor,Town,Sonoma,california,38.5471327,-122.8163802,1.83,40,Good air quality,pm25,2018-12-01 06:06:27+00,15.0,1,1019.0,4.26,0.0
472,Winters,City,Yolo,california,38.5249065,-121.9708017,1.85,56,Moderate air quality,pm25,2018-12-01 06:06:27+00,13.97,1,1019.0,2.1,0.0
473,Woodlake,City,Tulare,california,36.4135605,-119.0987176,2.53,84,Moderate air quality,pm25,2018-12-01 06:06:27+00,11.66,90,1019.0,1.91,0.0
474,Woodland,City,Yolo,california,38.6785157,-121.7732971,1.85,71,Moderate air quality,pm25,2018-12-01 06:06:27+00,13.98,1,1019.0,2.1,0.0
475,Woodside,Town,San Mateo,california,37.4299388,-122.2538557,2.1,51,Moderate air quality,pm25,2018-12-01 06:06:27+00,13.58,1,1020.0,2.1,1.02
476,Yorba Linda,City,Orange,california,33.8885035,-117.8132571,3.04,57,Moderate air quality,pm25,2018-12-01 06:06:27+00,17.18,1,1016.0,2.1,0.0
477,Yountville,Town,Napa,california,38.4015781,-122.3608105,1.9,30,Good air quality,pm25,2018-12-01 06:06:27+00,14.75,1,1019.0,1.01,0.0
478,Yreka,City,Siskiyou,california,41.7354186,-122.6344709,1.41,56,Moderate air quality,pm25,2018-12-01 06:06:27+00,5.45,75,1013.0,1.03,0.0
479,Yuba City,City,Sutter,california,39.1404477,-121.6169108,1.78,58,Moderate air quality,pm25,2018-12-01 06:06:27+00,13.4,1,1017.0,3.1,0.0
480,Yucaipa,City,San Bernardino,california,34.033625,-117.0430865,3.1,58,Moderate air quality,pm25,2018-12-01 06:06:27+00,15.68,1,1016.0,0.71,0.0
481,Yucca Valley,Town,San Bernardino,california,34.1141743,-116.432235,3.13,48,Good air quality,o3,2018-12-01 06:06:27+00,15.6,1,1017.0,2.6,0.0
