cities,lat,lng,aqi,category,dominant_pollutant
Adelanto,34.582769899999995,-117.40921499999999,41,Good air quality,o3
Agoura Hills,34.1533395,-118.7616764,48,Good air quality,pm25
Alameda,37.7652065,-122.2416355,61,Moderate air quality,pm25
Albany,37.88687,-122.29774750000001,61,Moderate air quality,pm25
Alhambra,34.095287,-118.1270146,66,Moderate air quality,pm25
Aliso Viejo,33.5684605,-117.7262981,52,Moderate air quality,pm25
Alturas,41.4871146,-120.54245549999999,30,Good air quality,o3
Amador City,38.41935529999999,-120.82410300000001,38,Good air quality,pm25
American Canyon,38.174917799999996,-122.2608044,33,Good air quality,pm25
Anaheim,33.8365932,-117.91430120000001,59,Moderate air quality,pm25
Anderson,40.448208,-122.2977815,71,Moderate air quality,pm25
Angels Camp,38.06778320000001,-120.53852990000001,58,Moderate air quality,pm25
Antioch,38.0049214,-121.80578899999999,61,Moderate air quality,pm25
Apple Valley,34.5008311,-117.18587590000001,42,Good air quality,o3
Arcadia,34.139729200000005,-118.0353449,56,Moderate air quality,pm25
Arcata,40.866516600000004,-124.0828396,21,Good air quality,o3
Arroyo Grande,35.118586799999996,-120.59072520000001,41,Good air quality,pm25
Artesia,33.8658484,-118.08312120000001,59,Moderate air quality,pm25
Arvin,35.201798600000004,-118.833105,70,Moderate air quality,pm25
Atascadero,35.4894169,-120.67072549999999,41,Good air quality,pm25
Atherton,37.46132720000001,-122.19774299999999,57,Moderate air quality,pm25
Atwater,37.3477174,-120.60908400000001,76,Moderate air quality,pm25
Auburn,38.8965654,-121.07689009999999,37,Good air quality,pm25
Avalon,33.3428193,-118.32822790000002,40,Good air quality,pm25
Avenal,36.0041223,-120.12902720000001,55,Moderate air quality,pm25
Azusa,34.1336186,-117.90756270000001,64,Moderate air quality,pm25
Bakersfield,35.3732921,-119.0187125,114,Unhealthy for sensitive groups air quality,pm25
Baldwin Park,34.0852868,-117.96089779999998,68,Moderate air quality,pm25
Banning,33.9255713,-116.87641029999999,49,Good air quality,o3
Barstow,34.89579570000001,-117.01728259999999,42,Good air quality,pm25
Beaumont,33.929460600000006,-116.977248,63,Moderate air quality,pm25
Bell,33.9775142,-118.1870156,68,Moderate air quality,pm25
Bell Gardens,33.965291799999996,-118.1514588,66,Moderate air quality,pm25
Bellflower,33.881681799999996,-118.1170117,53,Moderate air quality,pm25
Belmont,37.5202145,-122.27580079999998,61,Moderate air quality,pm25
Belvedere,37.872704399999996,-122.46441709999999,32,Good air quality,pm25
Benicia,38.049365,-122.1585777,33,Good air quality,pm25
Berkeley,37.87159260000001,-122.272747,62,Moderate air quality,pm25
Beverly Hills,34.073620399999996,-118.40035630000001,59,Moderate air quality,pm25
Big Bear Lake,34.243896299999996,-116.9114215,41,Good air quality,o3
Biggs,39.4123876,-121.71275130000001,52,Moderate air quality,pm25
Bishop,37.3614238,-118.3996636,41,Good air quality,pm25
Blue Lake,40.882907200000005,-123.9839488,22,Good air quality,o3
Blythe,33.6177725,-114.5882607,56,Moderate air quality,pm25
Bradbury,34.1469511,-117.97089820000001,45,Good air quality,pm25
Brawley,32.9786566,-115.530267,89,Moderate air quality,pm25
Brea,33.916475,-117.9002918,59,Moderate air quality,pm25
Brentwood,37.931868,-121.6957863,60,Moderate air quality,pm25
Brisbane,37.6807661,-122.3999715,34,Good air quality,pm25
Buellton,34.613597,-120.19265049999998,48,Good air quality,pm25
Buena Park,33.8674044,-117.99813870000001,65,Moderate air quality,pm25
Burbank,34.18083920000001,-118.30896609999998,73,Moderate air quality,pm25
Burlingame,37.5778696,-122.34808999999998,57,Moderate air quality,pm25
Calabasas,34.1367208,-118.66148090000002,39,Good air quality,pm25
Calexico,32.6789476,-115.4988834,105,Unhealthy for sensitive groups air quality,pm25
California City,35.125801,-117.98590379999999,38,Good air quality,o3
Calimesa,34.0039039,-117.06197549999999,66,Moderate air quality,pm25
Calipatria,33.1255957,-115.51415379999999,89,Moderate air quality,pm25
Calistoga,38.5787965,-122.5797054,51,Moderate air quality,pm25
Camarillo,34.216393700000005,-119.0376023,59,Moderate air quality,pm25
Campbell,37.2871651,-121.9499568,56,Moderate air quality,pm25
Canyon Lake,33.685021500000005,-117.27309309999998,34,Good air quality,o3
Capitola,36.9752283,-121.95329299999999,63,Moderate air quality,pm25
Carlsbad,33.158093300000004,-117.3505939,59,Moderate air quality,pm25
Carmel-by-the-Sea,36.5552386,-121.92328789999999,49,Good air quality,pm25
Carpinteria,34.39888380000001,-119.5184564,35,Good air quality,o3
Carson,33.8316745,-118.28169299999999,56,Moderate air quality,pm25
Cathedral City,33.780538799999995,-116.46680359999999,46,Good air quality,pm25
Ceres,37.5949316,-120.9577098,70,Moderate air quality,pm25
Cerritos,33.858348299999996,-118.0647871,56,Moderate air quality,pm25
Chico,39.728494399999995,-121.8374777,53,Moderate air quality,pm25
Chino,34.0122346,-117.68894399999999,58,Moderate air quality,pm25
Chino Hills,33.989818799999995,-117.7325848,52,Moderate air quality,pm25
Chowchilla,37.1229997,-120.2601754,64,Moderate air quality,pm25
Chula Vista,32.6400541,-117.0841955,85,Moderate air quality,pm25
Citrus Heights,38.7071247,-121.2810611,44,Good air quality,pm25
Claremont,34.0966764,-117.71977849999999,62,Moderate air quality,pm25
Clayton,37.9410341,-121.9357925,40,Good air quality,pm25
Clearlake,38.9582307,-122.62637279999998,33,Good air quality,pm25
Cloverdale,38.8054624,-123.01722269999999,53,Moderate air quality,pm25
Clovis,36.8252277,-119.70291940000001,68,Moderate air quality,pm25
Coachella,33.6803003,-116.17389399999999,38,Good air quality,o3
Coalinga,36.139678,-120.3601496,55,Moderate air quality,pm25
Colfax,39.100729799999996,-120.95327590000001,39,Good air quality,pm25
Colma,37.6768779,-122.459695,58,Moderate air quality,pm25
Colton,34.0739016,-117.3136547,70,Moderate air quality,pm25
Colusa,39.2143343,-122.0094175,66,Moderate air quality,pm25
Commerce,34.0005691,-118.1597929,68,Moderate air quality,pm25
Compton,33.8958492,-118.2200712,68,Moderate air quality,pm25
Concord,37.9779776,-122.0310733,59,Moderate air quality,pm25
Corcoran,36.098007,-119.56040149999998,101,Unhealthy for sensitive groups air quality,pm25
Corning,39.927657200000006,-122.17915559999999,39,Good air quality,pm25
Corona,33.8752935,-117.56643840000001,63,Moderate air quality,pm25
Coronado,32.6858853,-117.18308909999999,75,Moderate air quality,pm25
Corte Madera,37.92548060000001,-122.5274755,42,Good air quality,pm25
Costa Mesa,33.6412156,-117.91882209999999,59,Moderate air quality,pm25
Cotati,38.3293416,-122.70966659999999,50,Good air quality,pm25
Covina,34.0900091,-117.89033970000001,68,Moderate air quality,pm25
Crescent City,41.7557501,-124.2025913,35,Good air quality,o3
Cudahy,33.9605701,-118.1853486,63,Moderate air quality,pm25
Culver City,34.021122399999996,-118.3964665,68,Moderate air quality,pm25
Cupertino,37.322997799999996,-122.03218229999999,56,Moderate air quality,pm25
Cypress,33.816936600000005,-118.0368507,53,Moderate air quality,pm25
Daly City,37.687924100000004,-122.47020790000002,62,Moderate air quality,pm25
Dana Point,33.4672256,-117.6981014,59,Moderate air quality,pm25
Danville,37.8215929,-121.9999606,54,Moderate air quality,pm25
Davis,38.5449065,-121.74051670000001,75,Moderate air quality,pm25
Del Mar,32.9594891,-117.2653146,51,Moderate air quality,pm25
Del Rey Oaks,36.5932934,-121.83495149999999,25,Good air quality,pm25
Delano,35.7688425,-119.24705359999999,91,Moderate air quality,pm25
Desert Hot Springs,33.961124,-116.5016784,52,Moderate air quality,pm25
Diamond Bar,34.028622600000006,-117.81033670000001,68,Moderate air quality,pm25
Dinuba,36.5432837,-119.3870656,85,Moderate air quality,pm25
Dixon,38.4454641,-121.82329579999998,71,Moderate air quality,pm25
Dorris,41.9673696,-121.91806000000001,51,Moderate air quality,pm25
Dos Palos,36.9860582,-120.62657220000001,61,Moderate air quality,pm25
Downey,33.9401088,-118.13315929999999,63,Moderate air quality,pm25
Duarte,34.1394513,-117.97728729999999,64,Moderate air quality,pm25
Dublin,37.7021521,-121.9357918,52,Moderate air quality,pm25
Dunsmuir,41.208208899999995,-122.27195290000002,33,Good air quality,pm25
East Palo Alto,37.4688273,-122.1410751,59,Moderate air quality,pm25
Eastvale,33.952463,-117.5848025,54,Moderate air quality,pm25
El Cajon,32.7947731,-116.96252690000001,69,Moderate air quality,pm25
El Centro,32.792,-115.56305139999999,63,Moderate air quality,pm25
El Cerrito,37.9161326,-122.31076499999999,60,Moderate air quality,pm25
El Monte,34.0686206,-118.02756670000001,69,Moderate air quality,pm25
El Segundo,33.9191799,-118.4164652,59,Moderate air quality,pm25
Elk Grove,38.4087993,-121.37161780000001,64,Moderate air quality,pm25
Emeryville,37.831315999999994,-122.2852473,60,Moderate air quality,pm25
Encinitas,33.0369867,-117.2919818,58,Moderate air quality,pm25
Escalon,37.797427299999995,-120.9966033,72,Moderate air quality,pm25
Escondido,33.1192068,-117.086421,62,Moderate air quality,pm25
Etna,41.4568065,-122.8947551,42,Good air quality,pm25
Eureka,40.80207120000001,-124.16367290000001,43,Good air quality,pm25
Exeter,36.2960613,-119.1420517,92,Moderate air quality,pm25
Fairfax,37.987145399999996,-122.5888686,26,Good air quality,pm25
Fairfield,38.24935809999999,-122.03996629999999,56,Moderate air quality,pm25
Farmersville,36.2977283,-119.2067767,96,Moderate air quality,pm25
Ferndale,40.5762406,-124.26394409999999,28,Good air quality,o3
Fillmore,34.3991639,-118.918154,34,Good air quality,pm25
Firebaugh,36.8588376,-120.45600719999999,80,Moderate air quality,pm25
Folsom,38.6779591,-121.17605829999998,55,Moderate air quality,pm25
Fontana,34.0922335,-117.435048,70,Moderate air quality,pm25
Fort Bragg,39.445723,-123.8052935,30,Good air quality,pm25
Fort Jones,41.6076387,-122.84030990000002,45,Good air quality,pm25
Fortuna,40.5981867,-124.1572756,29,Good air quality,pm25
Foster City,37.558546500000006,-122.2710788,59,Moderate air quality,pm25
Fountain Valley,33.7090212,-117.95440690000001,60,Moderate air quality,pm25
Fowler,36.630505799999995,-119.6784697,71,Moderate air quality,pm25
Fremont,37.548269700000006,-121.98857190000001,49,Good air quality,pm25
Fresno,36.737798100000006,-119.78712469999999,89,Moderate air quality,pm25
Fullerton,33.8703645,-117.9242123,61,Moderate air quality,pm25
Galt,38.2546373,-121.29994850000001,67,Moderate air quality,pm25
Garden Grove,33.774269200000006,-117.9379952,59,Moderate air quality,pm25
Gardena,33.8883487,-118.30896240000001,61,Moderate air quality,pm25
Gilroy,37.0057816,-121.5682751,49,Good air quality,pm25
Glendale,34.1425078,-118.255075,69,Moderate air quality,pm25
Glendora,34.136118700000004,-117.86533899999999,68,Moderate air quality,pm25
Goleta,34.4358294,-119.8276389,56,Moderate air quality,pm25
Gonzales,36.506629499999995,-121.44438059999999,56,Moderate air quality,pm25
Grand Terrace,34.0339031,-117.3136544,68,Moderate air quality,pm25
Grass Valley,39.219060799999994,-121.06106059999999,51,Moderate air quality,pm25
Greenfield,36.320799799999996,-121.2438138,51,Moderate air quality,pm25
Gridley,39.363777299999995,-121.69358329999999,53,Moderate air quality,pm25
Grover Beach,35.1216424,-120.6212821,40,Good air quality,pm25
Guadalupe,34.971644,-120.57183629999999,21,Good air quality,pm25
Gustine,37.2577171,-120.99881540000001,57,Moderate air quality,pm25
Half Moon Bay,37.4635519,-122.4285862,34,Good air quality,pm25
Hanford,36.3274502,-119.64568440000001,81,Moderate air quality,pm25
Hawaiian Gardens,33.8314045,-118.07284240000001,61,Moderate air quality,pm25
Hawthorne,33.9164032,-118.35257479999999,66,Moderate air quality,pm25
Hayward,37.6688205,-122.08079640000001,59,Moderate air quality,pm25
Healdsburg,38.6104658,-122.86916090000001,52,Moderate air quality,pm25
Hemet,33.7475203,-116.97196840000001,59,Moderate air quality,pm25
Hercules,38.017144099999996,-122.28858079999999,33,Good air quality,pm25
Hermosa Beach,33.8622366,-118.39951940000002,63,Moderate air quality,pm25
Hesperia,34.4263886,-117.3008784,43,Good air quality,o3
Hidden Hills,34.16028319999999,-118.6523096,38,Good air quality,pm25
Highland,34.1283442,-117.2086513,57,Moderate air quality,pm25
Hillsborough,37.5741032,-122.37941629999999,32,Good air quality,pm25
Hollister,36.8524545,-121.40160209999999,53,Moderate air quality,pm25
Holtville,32.811161199999994,-115.3802643,104,Unhealthy for sensitive groups air quality,pm25
Hughson,37.6027244,-120.8664811,59,Moderate air quality,pm25
Huntington Beach,33.6594835,-117.99880259999999,59,Moderate air quality,pm25
Huntington Park,33.981681200000004,-118.22507250000001,69,Moderate air quality,pm25
Huron,36.2027308,-120.10291770000002,55,Moderate air quality,pm25
Imperial,32.8475528,-115.56943909999998,81,Moderate air quality,pm25
Imperial Beach,32.58394439999999,-117.11308490000002,92,Moderate air quality,pm25
Indian Wells,33.717631,-116.34075490000001,38,Good air quality,o3
Indio,33.7205771,-116.2155619,52,Moderate air quality,pm25
Industry,34.0197335,-117.95867539999999,63,Moderate air quality,pm25
Inglewood,33.9616801,-118.3531311,71,Moderate air quality,pm25
Ione,38.3526912,-120.93271770000001,58,Moderate air quality,pm25
Irvine,33.6845673,-117.82650490000002,54,Moderate air quality,pm25
Irwindale,34.1069527,-117.93534129999999,60,Moderate air quality,pm25
Isleton,38.1618614,-121.6116206,54,Moderate air quality,pm25
Jackson,38.348802299999996,-120.7741018,42,Good air quality,pm25
Jurupa Valley,33.9971974,-117.48548020000001,72,Moderate air quality,pm25
Kerman,36.72355719999999,-120.05987900000001,72,Moderate air quality,pm25
King City,36.2127439,-121.1260287,55,Moderate air quality,pm25
Kingsburg,36.5138398,-119.5540175,82,Moderate air quality,pm25
La Ca√±ada Flintridge,34.2068182,-118.2000277,64,Moderate air quality,pm25
La Habra,33.931859100000004,-117.94613700000001,62,Moderate air quality,pm25
La Habra Heights,33.9608461,-117.9506186,56,Moderate air quality,pm25
La Mesa,32.7678287,-117.02308390000002,73,Moderate air quality,pm25
La Mirada,33.9172357,-118.01200859999999,60,Moderate air quality,pm25
La Palma,33.8463218,-118.0461393,53,Moderate air quality,pm25
La Puente,34.0200114,-117.94950829999999,59,Moderate air quality,pm25
La Quinta,33.663357299999994,-116.31000949999999,38,Good air quality,o3
La Verne,34.10084260000001,-117.7678355,61,Moderate air quality,pm25
Lafayette,37.885758200000005,-122.1180201,48,Good air quality,pm25
Laguna Beach,33.542718900000004,-117.7853568,61,Moderate air quality,pm25
Laguna Hills,33.591643299999994,-117.69866040000001,52,Moderate air quality,pm25
Laguna Niguel,33.5236744,-117.71494380000001,60,Moderate air quality,pm25
Laguna Woods,33.610170200000006,-117.7251162,53,Moderate air quality,pm25
Lake Elsinore,33.668077200000006,-117.3272615,51,Moderate air quality,pm25
Lake Forest,33.6469437,-117.6861023,52,Moderate air quality,pm25
Lakeport,39.0429506,-122.91582930000001,57,Moderate air quality,pm25
Lakewood,33.853626899999995,-118.13395630000001,58,Moderate air quality,pm25
Lancaster,34.6867846,-118.1541632,37,Good air quality,o3
Larkspur,37.9340915,-122.53525390000001,26,Good air quality,pm25
Lathrop,37.8227046,-121.27661,58,Moderate air quality,pm25
Lawndale,33.887237,-118.3525744,64,Moderate air quality,pm25
Lemon Grove,32.7425516,-117.0314172,74,Moderate air quality,pm25
Lemoore,36.3007835,-119.7829107,68,Moderate air quality,pm25
Lincoln,38.891565,-121.29300790000002,61,Moderate air quality,pm25
Lindsay,36.2030064,-119.08816000000002,90,Moderate air quality,pm25
Live Oak,39.2757232,-121.6599701,62,Moderate air quality,pm25
Livermore,37.6818745,-121.7680088,56,Moderate air quality,pm25
Livingston,37.3868826,-120.72353290000001,63,Moderate air quality,pm25
Lodi,38.1341477,-121.27221940000001,67,Moderate air quality,pm25
Loma Linda,34.0483474,-117.2611527,64,Moderate air quality,pm25
Lomita,33.792239200000004,-118.3150722,39,Good air quality,pm25
Lompoc,34.6391501,-120.4579409,43,Good air quality,pm25
Long Beach,33.770050399999995,-118.1937395,67,Moderate air quality,pm25
Loomis,38.8212889,-121.1930041,57,Moderate air quality,pm25
Los Alamitos,33.80320089999999,-118.0718894,59,Moderate air quality,pm25
Los Altos,37.3852183,-122.1141298,54,Moderate air quality,pm25
Los Altos Hills,37.379662700000004,-122.13746370000001,34,Good air quality,pm25
Los Angeles,34.0522342,-118.24368490000002,76,Moderate air quality,pm25
Los Banos,37.0582786,-120.84991509999999,57,Moderate air quality,pm25
Los Gatos,37.235807799999996,-121.96237509999999,47,Good air quality,pm25
Loyalton,39.67629360000001,-120.2410385,54,Moderate air quality,pm25
Lynwood,33.930293,-118.21146029999998,66,Moderate air quality,pm25
Madera,36.961335600000005,-120.0607176,83,Moderate air quality,pm25
Malibu,34.025921600000004,-118.7797571,40,Good air quality,pm25
Mammoth Lakes,37.648546,-118.97207900000001,24,Good air quality,o3
Manhattan Beach,33.884736100000005,-118.41090890000001,58,Moderate air quality,pm25
Manteca,37.797427299999995,-121.21605259999998,74,Moderate air quality,pm25
Maricopa,35.058858,-119.40095090000001,67,Moderate air quality,pm25
Marina,36.68440289999999,-121.802173,52,Moderate air quality,pm25
Martinez,38.0193657,-122.1341321,58,Moderate air quality,pm25
Marysville,39.145725299999995,-121.5913547,65,Moderate air quality,pm25
Maywood,33.9866807,-118.185349,69,Moderate air quality,pm25
McFarland,35.6780104,-119.22927479999998,108,Unhealthy for sensitive groups air quality,pm25
Mendota,36.753561100000006,-120.3815574,71,Moderate air quality,pm25
Menifee,33.6971468,-117.185294,36,Good air quality,o3
Menlo Park,37.4529598,-122.1817252,60,Moderate air quality,pm25
Merced,37.3021632,-120.48296770000002,63,Moderate air quality,pm25
Mill Valley,37.906036799999995,-122.5449763,53,Moderate air quality,pm25
Millbrae,37.5985468,-122.38719420000001,59,Moderate air quality,pm25
Milpitas,37.4323341,-121.8995741,52,Moderate air quality,pm25
Mission Viejo,33.596891299999996,-117.6581562,53,Moderate air quality,pm25
Modesto,37.63909719999999,-120.99687820000001,77,Moderate air quality,pm25
Monrovia,34.14426160000001,-118.0019482,63,Moderate air quality,pm25
Montague,41.7281985,-122.5278007,46,Good air quality,pm25
Montclair,34.0775104,-117.68977759999999,60,Moderate air quality,pm25
Monte Sereno,37.23633299999999,-121.99245800000001,43,Good air quality,pm25
Montebello,34.0165053,-118.11375349999999,58,Moderate air quality,pm25
Monterey,36.600237799999995,-121.8946761,60,Moderate air quality,pm25
Monterey Park,34.0625106,-118.1228476,66,Moderate air quality,pm25
Moorpark,34.285558,-118.8820414,58,Moderate air quality,pm25
Moraga,37.8349263,-122.1296871,29,Good air quality,pm25
Moreno Valley,33.9424658,-117.2296717,64,Moderate air quality,pm25
Morgan Hill,37.130501200000005,-121.65439009999999,53,Moderate air quality,pm25
Morro Bay,35.3659445,-120.8499924,22,Good air quality,o3
Mount Shasta,41.30987460000001,-122.3105666,37,Good air quality,pm25
Mountain View,37.3860517,-122.08385109999999,61,Moderate air quality,pm25
Murrieta,33.553914299999995,-117.21392320000001,39,Good air quality,o3
Napa,38.2975381,-122.28686499999999,55,Moderate air quality,pm25
National City,32.6781085,-117.0991967,82,Moderate air quality,pm25
Needles,34.8480597,-114.6141315,63,Moderate air quality,pm25
Nevada City,39.2615606,-121.0160594,29,Good air quality,o3
Newark,37.5296593,-122.0402399,31,Good air quality,pm25
Newman,37.31382670000001,-121.02076140000001,57,Moderate air quality,pm25
Newport Beach,33.618882899999996,-117.9298493,47,Good air quality,pm25
Norco,33.9311257,-117.54866100000001,55,Moderate air quality,pm25
Norwalk,33.9022367,-118.08173300000001,64,Moderate air quality,pm25
Novato,38.107419799999995,-122.5697032,57,Moderate air quality,pm25
Oakdale,37.766594700000006,-120.84715449999999,71,Moderate air quality,pm25
Oakland,37.8043637,-122.27111370000002,67,Moderate air quality,pm25
Oakley,37.9974219,-121.71245359999999,61,Moderate air quality,pm25
Oceanside,33.1958696,-117.3794834,59,Moderate air quality,pm25
Ojai,34.448049499999996,-119.24288899999999,53,Moderate air quality,pm25
Ontario,34.0633443,-117.65088759999999,59,Moderate air quality,pm25
Orange,33.7879139,-117.8531007,61,Moderate air quality,pm25
Orange Cove,36.624394,-119.3137301,79,Moderate air quality,pm25
Orinda,37.8771476,-122.17968880000001,51,Moderate air quality,pm25
Orland,39.747380299999996,-122.19637479999999,34,Good air quality,pm25
Oroville,39.513775200000005,-121.55635900000001,45,Good air quality,pm25
Oxnard,34.1975048,-119.17705159999998,61,Moderate air quality,pm25
Pacific Grove,36.6177374,-121.9166215,45,Good air quality,pm25
Pacifica,37.613825299999995,-122.48691940000002,39,Good air quality,pm25
Palm Desert,33.7222445,-116.37445559999999,55,Moderate air quality,pm25
Palm Springs,33.8302961,-116.54529209999998,49,Good air quality,pm25
Palmdale,34.5794343,-118.11646129999998,47,Good air quality,pm25
Palo Alto,37.441883399999995,-122.14301950000001,57,Moderate air quality,pm25
Palos Verdes Estates,33.800571399999995,-118.3900737,45,Good air quality,pm25
Paradise,39.7596061,-121.62191770000001,30,Good air quality,pm25
Paramount,33.8894598,-118.15979109999998,39,Good air quality,pm25
Parlier,36.6116174,-119.52707340000002,76,Moderate air quality,pm25
Pasadena,34.1477849,-118.1445155,66,Moderate air quality,pm25
Paso Robles,35.6368759,-120.65450220000001,25,Good air quality,o3
Patterson,37.471600099999996,-121.12965600000001,62,Moderate air quality,pm25
Perris,33.7825194,-117.22864779999999,62,Moderate air quality,pm25
Petaluma,38.232417,-122.6366524,57,Moderate air quality,pm25
Pico Rivera,33.9830688,-118.09673500000001,60,Moderate air quality,pm25
Piedmont,37.824371500000005,-122.23163500000001,31,Good air quality,pm25
Pinole,38.0043667,-122.29885870000001,55,Moderate air quality,pm25
Pismo Beach,35.1427533,-120.6412827,44,Good air quality,pm25
Pittsburg,38.027976200000005,-121.88468059999998,61,Moderate air quality,pm25
Placentia,33.8710729,-117.86275479999999,59,Moderate air quality,pm25
Placerville,38.7296252,-120.798546,38,Good air quality,pm25
Pleasant Hill,37.9479786,-122.06079629999999,56,Moderate air quality,pm25
Pleasanton,37.6624312,-121.8746789,52,Moderate air quality,pm25
Plymouth,38.4818531,-120.84465900000001,34,Good air quality,pm25
Point Arena,38.908798,-123.69307260000001,36,Good air quality,pm25
Pomona,34.055103,-117.7499909,65,Moderate air quality,pm25
Port Hueneme,34.147782899999996,-119.1951074,55,Moderate air quality,pm25
Porterville,36.06523,-119.0167679,115,Unhealthy for sensitive groups air quality,pm25
Portola,39.8104567,-120.4691034,71,Moderate air quality,pm25
Portola Valley,37.3841066,-122.23524429999999,35,Good air quality,pm25
Poway,32.9628232,-117.0358646,39,Good air quality,pm25
Rancho Cordova,38.5890723,-121.302728,55,Moderate air quality,pm25
Rancho Cucamonga,34.10639889999999,-117.5931084,51,Moderate air quality,pm25
Rancho Mirage,33.739744,-116.41278999999999,38,Good air quality,o3
Rancho Palos Verdes,33.7444613,-118.3870173,39,Good air quality,pm25
Rancho Santa Margarita,33.640171,-117.602832,44,Good air quality,pm25
Red Bluff,40.1784886,-122.23583020000001,44,Good air quality,pm25
Redding,40.5865396,-122.3916754,86,Moderate air quality,pm25
Redlands,34.055569299999995,-117.1825381,69,Moderate air quality,pm25
Redondo Beach,33.8491816,-118.3884078,63,Moderate air quality,pm25
Redwood City,37.485215200000006,-122.2363548,54,Moderate air quality,pm25
Reedley,36.5963395,-119.45040290000001,79,Moderate air quality,pm25
Rialto,34.1064001,-117.37032350000001,66,Moderate air quality,pm25
Richmond,37.9357576,-122.3477486,64,Moderate air quality,pm25
Ridgecrest,35.6224561,-117.6708966,49,Good air quality,pm25
Rio Dell,40.4993013,-124.10643689999999,26,Good air quality,o3
Rio Vista,38.15575020000001,-121.6913439,55,Moderate air quality,pm25
Ripon,37.7394537,-121.13541409999998,56,Moderate air quality,pm25
Riverbank,37.7360396,-120.9354895,57,Moderate air quality,pm25
Riverside,33.9806005,-117.3754942,76,Moderate air quality,pm25
Rocklin,38.7907339,-121.2357828,59,Moderate air quality,pm25
Rohnert Park,38.3396367,-122.70109840000002,29,Good air quality,o3
Rolling Hills,33.756961499999996,-118.3539613,39,Good air quality,pm25
Rolling Hills Estates,33.787794299999995,-118.3581284,53,Moderate air quality,pm25
Rosemead,34.0805651,-118.072846,64,Moderate air quality,pm25
Roseville,38.752123499999996,-121.28800590000002,57,Moderate air quality,pm25
Ross,37.9624239,-122.55497749999999,37,Good air quality,pm25
Sacramento,38.5815719,-121.49439960000001,63,Moderate air quality,pm25
St. Helena,38.5052429,-122.4703868,38,Good air quality,pm25
Salinas,36.6777372,-121.6555013,58,Moderate air quality,pm25
San Anselmo,37.9746458,-122.56164479999998,37,Good air quality,pm25
San Bernardino,34.1083449,-117.2897652,62,Moderate air quality,pm25
San Bruno,37.6304904,-122.41108349999999,65,Moderate air quality,pm25
San Carlos,37.5071591,-122.26052220000001,58,Moderate air quality,pm25
San Clemente,33.4273521,-117.61260039999999,56,Moderate air quality,pm25
San Diego,32.715738,-117.1610838,84,Moderate air quality,pm25
San Dimas,34.1066756,-117.8067257,63,Moderate air quality,pm25
San Fernando,34.2819461,-118.4389719,65,Moderate air quality,pm25
San Francisco,37.7749295,-122.4194155,65,Moderate air quality,pm25
San Gabriel,34.09611110000001,-118.10583329999999,63,Moderate air quality,pm25
San Jacinto,33.783908399999994,-116.95863500000002,61,Moderate air quality,pm25
San Joaquin,36.6066162,-120.1890447,64,Moderate air quality,pm25
San Jose,37.338208200000004,-121.88632859999998,58,Moderate air quality,pm25
San Juan Bautista,36.84551079999999,-121.53799740000002,23,Good air quality,o3
San Juan Capistrano,33.5019027,-117.6627655,61,Moderate air quality,pm25
San Leandro,37.7249296,-122.1560768,51,Moderate air quality,pm25
San Luis Obispo,35.2827524,-120.6596156,20,Good air quality,o3
San Marcos,33.1433723,-117.1661449,47,Good air quality,pm25
San Marino,34.121396999999995,-118.1064585,63,Moderate air quality,pm25
San Mateo,37.562991700000005,-122.32552539999999,66,Moderate air quality,pm25
San Pablo,37.96214570000001,-122.3455263,61,Moderate air quality,pm25
San Rafael,37.9735346,-122.5310874,59,Moderate air quality,pm25
San Ramon,37.7799273,-121.9780153,53,Moderate air quality,pm25
Sand City,36.6171819,-121.8482855,25,Good air quality,pm25
Sanger,36.708006,-119.5559652,73,Moderate air quality,pm25
Santa Ana,33.7454725,-117.867653,68,Moderate air quality,pm25
Santa Barbara,34.4208305,-119.69819009999999,57,Moderate air quality,pm25
Santa Clara,37.354107899999995,-121.9552356,56,Moderate air quality,pm25
Santa Clarita,34.3916641,-118.54258600000001,30,Good air quality,o3
Santa Cruz,36.9741171,-122.0307963,56,Moderate air quality,pm25
Santa Fe Springs,33.9472359,-118.08534509999998,58,Moderate air quality,pm25
Santa Maria,34.953033700000006,-120.43571909999999,47,Good air quality,pm25
Santa Monica,34.01945429999999,-118.4911912,73,Moderate air quality,pm25
Santa Paula,34.3541659,-119.05927050000001,58,Moderate air quality,pm25
Santa Rosa,38.440428999999995,-122.7140548,57,Moderate air quality,pm25
Santee,32.8383828,-116.97391670000002,60,Moderate air quality,pm25
Saratoga,37.2638324,-122.0230146,41,Good air quality,pm25
Sausalito,37.8590937,-122.4852507,44,Good air quality,pm25
Scotts Valley,37.051059499999994,-122.0146841,29,Good air quality,o3
Seal Beach,33.7414085,-118.10476820000001,43,Good air quality,pm25
Seaside,36.614921700000004,-121.822098,46,Good air quality,pm25
Sebastopol,38.4021359,-122.82388059999998,49,Good air quality,pm25
Selma,36.5707838,-119.61207649999999,82,Moderate air quality,pm25
Shafter,35.500513899999994,-119.2717761,105,Unhealthy for sensitive groups air quality,pm25
Shasta Lake,40.6804279,-122.3708419,64,Moderate air quality,pm25
Sierra Madre,34.1616729,-118.0528456,65,Moderate air quality,pm25
Signal Hill,33.8044614,-118.1678456,61,Moderate air quality,pm25
Simi Valley,34.2694474,-118.78148200000001,34,Good air quality,o3
Solana Beach,32.991155,-117.27114809999999,57,Moderate air quality,pm25
Soledad,36.424687,-121.32631869999999,57,Moderate air quality,pm25
Solvang,34.5958201,-120.13764809999999,29,Good air quality,pm25
Sonoma,38.291859,-122.45803559999999,52,Moderate air quality,pm25
Sonora,37.982949600000005,-120.38217240000002,76,Moderate air quality,pm25
South El Monte,34.0519548,-118.04673390000002,63,Moderate air quality,pm25
South Gate,33.954737,-118.21201609999999,67,Moderate air quality,pm25
South Lake Tahoe,38.939926,-119.9771868,34,Good air quality,o3
South Pasadena,34.1161196,-118.15034879999999,66,Moderate air quality,pm25
South San Francisco,37.654656,-122.40774979999999,64,Moderate air quality,pm25
Stanton,33.8028875,-117.9931203,53,Moderate air quality,pm25
Stockton,37.9577016,-121.29077959999998,77,Moderate air quality,pm25
Suisun City,38.2382474,-122.040244,37,Good air quality,pm25
Sunnyvale,37.368829999999996,-122.03634960000001,57,Moderate air quality,pm25
Susanville,40.4162842,-120.6530063,51,Moderate air quality,pm25
Sutter Creek,38.3929675,-120.8024357,57,Moderate air quality,pm25
Taft,35.142467100000005,-119.4565078,75,Moderate air quality,pm25
Tehachapi,35.1321877,-118.44897390000001,51,Moderate air quality,pm25
Tehama,40.0271015,-122.12332279999998,21,Good air quality,pm25
Temecula,33.4936391,-117.14836480000001,53,Moderate air quality,pm25
Temple City,34.1072305,-118.05784560000001,56,Moderate air quality,pm25
Thousand Oaks,34.1705609,-118.83759369999999,60,Moderate air quality,pm25
Tiburon,37.87353770000001,-122.4566392,56,Moderate air quality,pm25
Torrance,33.835849200000006,-118.34062879999999,49,Good air quality,pm25
Tracy,37.7396513,-121.42522269999999,70,Moderate air quality,pm25
Trinidad,41.05929099999999,-124.14312460000001,22,Good air quality,o3
Truckee,39.327962,-120.1832533,53,Moderate air quality,pm25
Tulare,36.20772879999999,-119.3473379,117,Unhealthy for sensitive groups air quality,pm25
Tulelake,41.955988399999995,-121.4774916,52,Moderate air quality,pm25
Turlock,37.494656799999994,-120.84659409999999,82,Moderate air quality,pm25
Tustin,33.7420005,-117.82363909999998,37,Good air quality,pm25
Twentynine Palms,34.135558200000006,-116.05416890000001,45,Good air quality,o3
Ukiah,39.1501709,-123.2077831,61,Moderate air quality,pm25
Union City,37.59339179999999,-122.0438298,47,Good air quality,pm25
Upland,34.09751,-117.64838759999999,57,Moderate air quality,pm25
Vacaville,38.3565773,-121.98774440000001,63,Moderate air quality,pm25
Vallejo,38.1040864,-122.25663670000002,61,Moderate air quality,pm25
Ventura,34.28049229999999,-119.2945199,58,Moderate air quality,pm25
Vernon,34.003903,-118.230073,69,Moderate air quality,pm25
Victorville,34.5362184,-117.29276409999999,58,Moderate air quality,pm25
Villa Park,33.81400620000001,-117.8220723,54,Moderate air quality,pm25
Visalia,36.330228399999996,-119.2920585,117,Unhealthy for sensitive groups air quality,pm25
Vista,33.2000368,-117.2425355,54,Moderate air quality,pm25
Walnut,34.020289399999996,-117.86533859999999,57,Moderate air quality,pm25
Walnut Creek,37.9100783,-122.06518190000001,57,Moderate air quality,pm25
Wasco,35.5941238,-119.34094569999999,90,Moderate air quality,pm25
Waterford,37.6413202,-120.7604834,73,Moderate air quality,pm25
Watsonville,36.910231,-121.7568946,56,Moderate air quality,pm25
Weed,41.42264979999999,-122.38612690000001,61,Moderate air quality,pm25
West Covina,34.0686208,-117.93895259999998,67,Moderate air quality,pm25
West Hollywood,34.0900091,-118.3617443,66,Moderate air quality,pm25
West Sacramento,38.5804609,-121.53023400000001,54,Moderate air quality,pm25
Westlake Village,34.1466467,-118.8073729,40,Good air quality,pm25
Westminster,33.75917570000001,-117.9897058,56,Moderate air quality,pm25
Westmorland,33.0372674,-115.6213817,80,Moderate air quality,pm25
Wheatland,39.0098946,-121.4230133,41,Good air quality,pm25
Whittier,33.97917929999999,-118.032844,60,Moderate air quality,pm25
Wildomar,33.5989126,-117.2800372,35,Good air quality,o3
Williams,39.154613700000006,-122.1494187,68,Moderate air quality,pm25
Willits,39.4096079,-123.35556559999999,44,Good air quality,pm25
Willows,39.5243265,-122.19359309999999,55,Moderate air quality,pm25
Windsor,38.547132700000006,-122.81638020000001,40,Good air quality,pm25
Winters,38.5249065,-121.9708017,56,Moderate air quality,pm25
Woodlake,36.413560499999996,-119.0987176,84,Moderate air quality,pm25
Woodland,38.67851570000001,-121.7732971,71,Moderate air quality,pm25
Woodside,37.429938799999995,-122.2538557,51,Moderate air quality,pm25
Yorba Linda,33.88850350000001,-117.8132571,57,Moderate air quality,pm25
Yountville,38.40157809999999,-122.3608105,30,Good air quality,pm25
Yreka,41.735418599999996,-122.6344709,56,Moderate air quality,pm25
Yuba City,39.1404477,-121.6169108,58,Moderate air quality,pm25
Yucaipa,34.033625,-117.0430865,58,Moderate air quality,pm25
Yucca Valley,34.114174299999995,-116.432235,48,Good air quality,o3
